,team,avg_score,avg_diff,avg_numot,avg_fgm,avg_fga,avg_fgm3,avg_ftm,avg_fta,avg_or,avg_dr,avg_ast,avg_to,avg_stl,avg_blk,avg_pf
0,1101,760.074074074,-6.40740740741,0.0740740740741,23.8148148148,53.9259259259,6.85185185185,15.3703703704,21.7407407407,8.18518518519,22.5185185185,12.8888888889,13.4074074074,6.74074074074,2.44444444444,22.3703703704
1,1102,689.533333333,-6.16666666667,0.133333333333,23.2333333333,55.0333333333,6.3,14.6666666667,21.7666666667,8.8,25.5,13.0333333333,13.2,6.1,1.66666666667,19.3333333333
2,1103,327.242424242,7.27272727273,0.0,25.9393939394,59.8181818182,11.7878787879,12.6666666667,18.3636363636,10.303030303,26.1212121212,14.5151515152,10.8181818182,5.33333333333,3.84848484848,17.8484848485
3,1104,523.0,-0.96875,0.0625,22.53125,52.8125,7.84375,13.9375,21.78125,9.78125,24.875,10.5625,13.3125,5.625,5.28125,19.3125
4,1105,736.321428571,-2.64285714286,0.107142857143,23.25,56.1785714286,5.89285714286,14.7142857143,21.5714285714,11.3928571429,23.0357142857,12.6428571429,11.75,5.60714285714,2.14285714286,19.3571428571
5,1106,678.413793103,-3.72413793103,0.137931034483,24.7931034483,62.1034482759,6.93103448276,13.5517241379,19.5517241379,12.6896551724,24.5862068966,11.8275862069,12.0689655172,5.72413793103,3.79310344828,21.3448275862
6,1107,343.225806452,8.90322580645,0.0645161290323,25.1935483871,55.2580645161,5.70967741935,18.5161290323,24.7096774194,11.7096774194,26.5161290323,12.4516129032,12.7096774194,6.48387096774,1.58064516129,17.5806451613
7,1108,627.5,-6.10714285714,0.178571428571,22.8571428571,56.6428571429,6.0,14.8571428571,21.75,12.8928571429,23.1785714286,9.07142857143,14.3571428571,4.46428571429,3.89285714286,18.4285714286
8,1110,705.870967742,-8.09677419355,0.0645161290323,20.3548387097,47.9677419355,6.29032258065,10.5806451613,15.1935483871,7.03225806452,21.1612903226,11.2258064516,13.8064516129,5.67741935484,2.22580645161,18.2903225806
9,1111,810.677419355,-6.8064516129,0.0,23.1935483871,57.9032258065,8.25806451613,15.9032258065,22.6129032258,12.6774193548,24.0967741935,11.5483870968,14.9032258065,4.09677419355,3.32258064516,21.5161290323
10,1112,331.909090909,12.2121212121,0.181818181818,28.0606060606,58.2424242424,6.51515151515,18.5757575758,25.696969697,11.6363636364,28.6060606061,14.5151515152,12.8181818182,4.90909090909,4.78787878788,18.2121212121
11,1113,627.9375,-0.6875,0.0625,24.875,59.96875,7.9375,15.59375,22.6875,12.3125,24.46875,12.65625,12.0,5.3125,2.6875,20.4375
12,1114,205.0,9.93548387097,0.0322580645161,25.0322580645,54.7741935484,7.35483870968,12.5806451613,17.1290322581,8.70967741935,24.1935483871,12.9032258065,10.2258064516,6.29032258065,3.06451612903,18.2580645161
13,1115,859.636363636,-13.7878787879,0.030303030303,20.4242424242,52.1818181818,6.12121212121,9.60606060606,15.7272727273,9.75757575758,20.6666666667,9.60606060606,15.6363636364,7.12121212121,3.75757575758,21.9393939394
14,1116,600.84375,3.46875,0.15625,27.59375,62.25,6.75,16.21875,23.375,11.6875,25.375,16.25,11.15625,7.40625,5.15625,21.46875
15,1117,794.379310345,-5.10344827586,0.137931034483,24.4482758621,59.7586206897,5.86206896552,17.5517241379,23.9655172414,10.7931034483,28.8965517241,12.0344827586,13.2413793103,4.72413793103,4.37931034483,19.8275862069
16,1119,516.516129032,1.29032258065,0.193548387097,26.8709677419,63.0322580645,8.93548387097,14.1290322581,20.3225806452,12.2258064516,28.5483870968,15.1935483871,13.7419354839,4.83870967742,3.61290322581,19.1935483871
17,1120,753.0,-7.38709677419,0.0322580645161,23.3548387097,58.6774193548,8.77419354839,15.2258064516,24.0967741935,11.1612903226,25.4193548387,11.3548387097,13.8064516129,5.35483870968,4.06451612903,21.2903225806
18,1122,618.424242424,-2.36363636364,0.121212121212,25.5757575758,55.6666666667,6.21212121212,17.3636363636,25.9090909091,11.0909090909,24.7878787879,12.8787878788,14.5454545455,6.90909090909,2.75757575758,17.6363636364
19,1123,513.677419355,3.1935483871,0.0967741935484,24.0967741935,54.2258064516,8.51612903226,13.0,19.064516129,9.16129032258,26.7096774194,14.4838709677,13.2258064516,5.32258064516,3.70967741935,19.2580645161
20,1124,440.09375,6.6875,0.09375,26.8125,57.875,6.1875,16.5,22.6875,13.5625,23.21875,17.09375,12.8125,7.71875,3.96875,19.40625
21,1125,467.333333333,3.7,0.0333333333333,28.7333333333,58.0666666667,10.5333333333,14.4666666667,20.0333333333,8.6,26.0,17.3333333333,14.1666666667,4.5,2.33333333333,20.1
22,1126,705.233333333,-5.16666666667,0.1,24.4,59.9666666667,7.66666666667,12.6,18.5666666667,12.4333333333,24.2,11.0666666667,12.8,5.56666666667,6.1,18.9666666667
23,1127,845.433333333,-7.73333333333,0.0333333333333,20.9666666667,53.8,5.7,13.2666666667,19.4666666667,9.1,24.9333333333,11.1,13.9666666667,5.36666666667,2.26666666667,18.6
24,1129,499.1,4.1,0.0666666666667,25.7,57.4666666667,7.96666666667,16.6333333333,23.5,9.36666666667,24.4666666667,13.0666666667,11.6,6.3,2.03333333333,19.8
25,1130,899.125,-9.28125,0.03125,22.40625,54.71875,7.21875,9.1875,14.125,7.59375,23.5625,12.8125,13.46875,5.65625,2.90625,18.09375
26,1131,552.096774194,-0.193548387097,0.225806451613,25.1612903226,55.6451612903,7.74193548387,14.7096774194,20.6129032258,8.96774193548,26.8064516129,13.064516129,13.6774193548,5.70967741935,3.83870967742,19.1935483871
27,1132,670.3125,-4.03125,0.0,24.40625,55.8125,5.71875,14.75,22.375,9.9375,25.8125,11.09375,12.78125,5.96875,3.25,19.46875
28,1133,994.677419355,-14.6129032258,0.0645161290323,18.935483871,50.064516129,5.16129032258,12.8387096774,19.1935483871,8.64516129032,25.1935483871,9.12903225806,17.2258064516,4.38709677419,2.67741935484,23.4193548387
29,1135,861.814814815,-5.22222222222,0.148148148148,24.9259259259,57.7407407407,8.07407407407,15.0740740741,21.3333333333,9.2962962963,26.5555555556,14.7037037037,13.5185185185,5.2962962963,4.07407407407,19.4814814815
30,1136,888.833333333,-11.8666666667,0.0666666666667,24.1666666667,57.6666666667,6.23333333333,9.96666666667,15.5333333333,9.6,24.0666666667,13.4666666667,13.7333333333,5.63333333333,2.7,19.1333333333
31,1137,554.724137931,4.27586206897,0.172413793103,26.2413793103,57.3448275862,7.27586206897,18.2068965517,25.4137931034,10.4482758621,25.9655172414,15.3793103448,13.7586206897,6.48275862069,3.13793103448,21.5862068966
32,1138,530.484848485,0.666666666667,0.0606060606061,25.8181818182,59.4545454545,7.36363636364,17.6060606061,24.8181818182,12.0909090909,26.7272727273,12.5454545455,13.8181818182,6.72727272727,3.48484848485,21.2727272727
33,1139,426.806451613,9.41935483871,0.0322580645161,28.0,60.1290322581,7.09677419355,17.4838709677,23.9032258065,11.4193548387,25.0,14.3548387097,10.2258064516,6.77419354839,3.35483870968,19.9032258065
34,1140,416.0,10.46875,0.03125,29.3125,64.03125,8.96875,15.5625,22.5,12.125,28.71875,16.25,11.625,6.59375,4.1875,18.90625
35,1141,627.551724138,0.758620689655,0.0344827586207,25.8620689655,59.4137931034,9.62068965517,13.3448275862,18.2068965517,9.68965517241,24.3448275862,13.1724137931,9.1724137931,4.72413793103,2.48275862069,19.0344827586
36,1142,838.535714286,-4.39285714286,0.142857142857,24.7857142857,59.9642857143,8.0,14.3928571429,21.1071428571,11.6071428571,24.1785714286,13.8571428571,10.4285714286,5.35714285714,3.21428571429,20.75
37,1143,400.818181818,8.09090909091,0.0909090909091,26.2727272727,57.0,7.06060606061,15.5151515152,23.6363636364,11.3333333333,28.6363636364,12.9696969697,12.2121212121,4.12121212121,4.81818181818,20.6666666667
38,1144,790.185185185,-4.40740740741,0.037037037037,23.9259259259,55.3333333333,6.92592592593,16.4444444444,22.8888888889,7.7037037037,23.2962962963,10.4814814815,11.4444444444,6.59259259259,2.2962962963,19.6296296296
39,1145,694.424242424,-1.84848484848,0.212121212121,25.6060606061,61.0303030303,8.63636363636,16.696969697,22.5454545455,11.9090909091,21.9090909091,14.1212121212,11.2121212121,6.0303030303,2.66666666667,19.5151515152
40,1146,883.785714286,-8.35714285714,0.0,26.2142857143,59.1785714286,6.60714285714,16.3214285714,24.7857142857,11.8214285714,25.4642857143,13.2142857143,14.5357142857,5.42857142857,3.71428571429,20.5357142857
41,1148,1000.06896552,-13.1034482759,0.103448275862,23.5172413793,58.724137931,5.65517241379,12.4137931034,18.275862069,11.5517241379,24.6551724138,11.7586206897,13.8620689655,4.37931034483,3.68965517241,17.4137931034
42,1149,910.0,-8.33333333333,0.0740740740741,24.8518518519,58.6666666667,8.96296296296,9.85185185185,16.0740740741,9.22222222222,24.3333333333,11.8518518519,12.4444444444,4.74074074074,1.92592592593,19.4444444444
43,1150,700.939393939,-1.42424242424,0.121212121212,27.8787878788,62.6060606061,8.06060606061,14.4848484848,20.7575757576,11.3333333333,24.9090909091,14.5757575758,12.0,6.18181818182,2.21212121212,17.8181818182
44,1151,245.34375,7.6875,0.0625,25.09375,55.6875,7.46875,17.125,23.375,10.9375,24.5,13.96875,12.1875,7.34375,4.75,17.4375
45,1152,1114.93103448,-16.1379310345,0.0,22.1724137931,60.4137931034,7.06896551724,11.2413793103,17.0,12.1724137931,22.9655172414,10.6206896552,14.3793103448,6.58620689655,2.86206896552,21.6896551724
46,1153,412.1875,10.3125,0.21875,25.71875,60.15625,7.5625,14.1875,20.15625,13.5,25.875,15.46875,11.0625,7.9375,5.8125,15.625
47,1154,897.344827586,-11.2068965517,0.0344827586207,28.1724137931,69.2413793103,11.0689655172,15.724137931,21.4827586207,11.9655172414,23.3103448276,14.5862068966,13.7586206897,8.1724137931,3.24137931034,24.2068965517
48,1155,561.258064516,5.16129032258,0.0645161290323,24.2903225806,55.6451612903,7.67741935484,13.3870967742,18.5161290323,10.3225806452,24.2580645161,13.2580645161,10.1612903226,5.77419354839,5.22580645161,16.5161290323
49,1156,901.3,-9.26666666667,0.0333333333333,21.7333333333,54.4,5.26666666667,11.5333333333,16.8,10.3,22.2333333333,9.96666666667,14.4666666667,5.96666666667,2.6,21.3666666667
50,1157,532.576923077,2.73076923077,0.0384615384615,25.1538461538,56.4615384615,6.96153846154,13.8461538462,20.6923076923,10.7307692308,27.3846153846,11.3846153846,12.8846153846,5.53846153846,3.11538461538,18.2692307692
51,1158,576.4,2.33333333333,0.0666666666667,23.0333333333,55.4333333333,6.46666666667,12.1,18.1666666667,10.9333333333,24.1,11.4,12.7666666667,7.1,2.33333333333,20.2333333333
52,1159,710.862068966,-2.55172413793,0.137931034483,24.6206896552,55.1379310345,8.65517241379,11.1724137931,16.4827586207,8.96551724138,22.2413793103,13.0,12.2413793103,6.06896551724,2.20689655172,19.4482758621
53,1160,452.3125,4.75,0.0625,25.15625,59.71875,7.53125,17.59375,23.875,13.09375,29.21875,13.46875,13.46875,5.1875,5.03125,18.71875
54,1161,623.34375,0.78125,0.25,25.5,60.65625,9.5,18.4375,25.6875,12.84375,27.09375,13.09375,11.65625,3.71875,2.375,19.625
55,1162,449.896551724,4.93103448276,0.103448275862,24.8965517241,55.275862069,9.31034482759,15.3448275862,21.1379310345,9.31034482759,24.0,14.0344827586,10.5862068966,6.27586206897,3.1724137931,19.0689655172
56,1163,397.441176471,10.3235294118,0.117647058824,26.4705882353,57.6176470588,7.02941176471,13.4411764706,17.0882352941,9.47058823529,27.0588235294,13.8529411765,11.1176470588,5.70588235294,5.02941176471,18.0
57,1164,901.517241379,-9.68965517241,0.275862068966,23.6206896552,62.3103448276,7.79310344828,16.275862069,23.2068965517,12.8275862069,24.275862069,11.2413793103,13.0344827586,5.44827586207,2.96551724138,21.5862068966
58,1165,803.37037037,-8.51851851852,0.0740740740741,25.0,59.9259259259,8.33333333333,12.6296296296,19.3333333333,8.62962962963,23.2962962963,10.6296296296,13.1111111111,7.55555555556,3.66666666667,20.3333333333
59,1166,559.5625,6.53125,0.0,27.875,59.5,8.1875,15.625,22.25,9.3125,27.25,15.34375,11.5,6.09375,3.125,19.03125
60,1167,376.482758621,8.48275862069,0.0689655172414,25.8965517241,58.0,5.41379310345,14.5517241379,22.3448275862,12.275862069,25.724137931,14.9655172414,12.4137931034,7.72413793103,5.06896551724,21.4827586207
61,1168,855.25,-6.35714285714,0.0357142857143,22.8928571429,56.3571428571,6.46428571429,17.0714285714,24.6428571429,11.0714285714,25.2857142857,9.82142857143,13.3571428571,4.89285714286,1.39285714286,20.9642857143
62,1169,857.178571429,-6.0,0.178571428571,24.7142857143,57.6428571429,4.32142857143,17.3928571429,24.25,10.1785714286,25.5714285714,13.8928571429,14.1428571429,6.67857142857,3.21428571429,20.6785714286
63,1170,716.517241379,-3.31034482759,0.0344827586207,25.0689655172,57.5172413793,6.62068965517,13.4482758621,20.0689655172,9.58620689655,25.3448275862,13.4827586207,11.6206896552,5.62068965517,3.86206896552,20.6551724138
64,1171,806.222222222,-2.2962962963,0.0740740740741,24.0740740741,56.5555555556,5.59259259259,15.5555555556,21.6296296296,11.7407407407,23.2592592593,12.5555555556,14.3703703704,6.74074074074,1.66666666667,20.4074074074
65,1172,505.870967742,0.935483870968,0.0322580645161,27.1290322581,61.2580645161,9.48387096774,15.3225806452,20.0967741935,9.41935483871,25.5483870968,14.9032258065,10.064516129,4.58064516129,3.16129032258,17.3548387097
66,1173,315.28125,7.375,0.09375,25.5625,55.625,6.71875,15.34375,22.8125,9.90625,28.75,14.6875,13.0625,5.90625,4.4375,19.0625
67,1174,915.833333333,-9.46666666667,0.0333333333333,22.3,55.4666666667,5.6,16.0,23.3666666667,11.0,26.7333333333,10.6333333333,12.0,3.6,2.9,17.9
68,1175,990.533333333,-14.0333333333,0.0666666666667,21.5666666667,55.9333333333,6.96666666667,9.93333333333,16.3,10.2666666667,21.6333333333,10.9666666667,14.2333333333,5.23333333333,2.76666666667,19.9333333333
69,1176,605.838709677,-0.0967741935484,0.0,22.2258064516,46.7419354839,7.58064516129,13.1612903226,17.0967741935,5.41935483871,19.7741935484,14.2903225806,13.0322580645,6.38709677419,2.29032258065,19.1935483871
70,1177,857.935483871,-7.51612903226,0.0322580645161,24.2580645161,54.5483870968,5.41935483871,13.5483870968,19.935483871,10.2258064516,23.935483871,11.8064516129,14.7741935484,4.83870967742,3.06451612903,22.1290322581
71,1178,650.034482759,-1.62068965517,0.0344827586207,28.5862068966,62.3103448276,7.51724137931,17.5517241379,25.2068965517,12.2068965517,24.8275862069,12.6896551724,13.4482758621,6.72413793103,4.10344827586,22.9310344828
72,1179,958.833333333,-6.06666666667,0.1,23.3,52.8666666667,6.96666666667,12.9666666667,17.7666666667,8.2,24.9333333333,11.9666666667,13.6333333333,3.63333333333,2.0,18.0333333333
73,1180,956.833333333,-7.3,0.0333333333333,21.7666666667,55.3,5.46666666667,14.1,20.4,10.2333333333,22.2,12.2,11.0666666667,4.6,3.3,21.6666666667
74,1181,418.121212121,9.39393939394,0.0606060606061,27.4242424242,59.7575757576,9.27272727273,17.3333333333,24.0,12.2424242424,24.0909090909,13.4848484848,9.87878787879,6.39393939394,4.18181818182,16.6363636364
75,1182,650.612903226,0.129032258065,0.0645161290323,27.6129032258,60.6451612903,9.51612903226,13.1935483871,19.2580645161,10.1612903226,28.8064516129,15.4516129032,13.9677419355,4.8064516129,3.87096774194,20.3870967742
76,1183,749.178571429,-4.82142857143,0.142857142857,24.8214285714,57.3571428571,7.57142857143,13.0,19.7857142857,9.85714285714,22.9642857143,13.3214285714,12.5,5.89285714286,2.10714285714,20.1428571429
77,1184,672.966666667,0.333333333333,0.0,27.4333333333,56.3666666667,8.3,16.7,22.7333333333,8.76666666667,23.2333333333,15.4666666667,14.8333333333,6.8,3.1,21.6333333333
78,1185,651.482758621,-1.37931034483,0.0689655172414,25.6896551724,58.6896551724,5.89655172414,18.6206896552,25.5172413793,11.3103448276,23.3448275862,10.9310344828,12.5862068966,8.89655172414,3.51724137931,21.3103448276
79,1186,635.9,1.93333333333,0.0,27.5666666667,57.3,10.1,14.4333333333,21.0666666667,9.0,23.3,12.4666666667,11.5333333333,5.4,3.7,19.6
80,1187,770.75,-3.59375,0.15625,23.78125,55.9375,7.25,13.5,19.375,10.0,24.28125,15.1875,13.25,5.71875,2.0,16.75
81,1188,949.142857143,-8.17857142857,0.0714285714286,22.6428571429,56.8214285714,5.64285714286,14.75,20.9642857143,12.1071428571,23.5714285714,10.8214285714,13.4642857143,4.92857142857,4.0,22.1071428571
82,1189,672.1,-1.33333333333,0.0333333333333,26.6,60.2666666667,9.23333333333,12.2,18.3,10.1666666667,26.4333333333,14.9333333333,12.7,5.1,2.2,19.4333333333
83,1190,461.71875,1.40625,0.09375,26.8125,58.15625,8.0625,14.53125,20.6875,10.0625,24.625,12.25,12.6875,6.5,3.5625,20.21875
84,1191,382.03030303,8.48484848485,0.0606060606061,25.6666666667,52.5454545455,4.75757575758,17.9090909091,24.6666666667,7.51515151515,27.7878787879,17.3636363636,12.6060606061,5.18181818182,4.39393939394,17.6666666667
85,1192,583.580645161,-1.67741935484,0.0967741935484,27.6774193548,60.6451612903,7.25806451613,14.2258064516,20.3548387097,10.5483870968,22.5806451613,14.0967741935,13.0,7.35483870968,2.51612903226,21.5806451613
86,1193,534.0625,-0.25,0.15625,26.6875,60.15625,9.03125,14.46875,19.6875,9.09375,25.6875,15.5625,13.15625,6.46875,4.125,19.15625
87,1194,941.322580645,-8.58064516129,0.0322580645161,22.8387096774,56.4838709677,7.09677419355,13.1935483871,18.2258064516,8.41935483871,23.9032258065,11.8387096774,12.1290322581,5.25806451613,4.25806451613,19.3225806452
88,1195,580.413793103,2.72413793103,0.241379310345,28.2068965517,60.0689655172,5.06896551724,14.1034482759,21.8620689655,11.4482758621,27.9655172414,12.8965517241,12.0,6.13793103448,4.03448275862,19.6206896552
89,1196,552.545454545,5.0303030303,0.030303030303,25.3939393939,60.2121212121,6.93939393939,15.8787878788,24.696969697,13.1515151515,26.9696969697,13.0606060606,11.4242424242,6.33333333333,4.45454545455,19.6060606061
90,1197,947.666666667,-11.0740740741,0.222222222222,21.5555555556,54.5925925926,5.81481481481,13.6666666667,23.1851851852,9.7037037037,24.4814814815,10.7777777778,16.2222222222,6.40740740741,2.18518518519,19.4074074074
91,1198,786.066666667,-0.433333333333,0.133333333333,26.1,55.7666666667,5.76666666667,13.3333333333,19.8333333333,10.3333333333,26.8666666667,11.9,13.1333333333,4.8,4.56666666667,19.1
92,1199,535.40625,4.3125,0.03125,27.9375,59.96875,6.6875,15.53125,22.53125,11.46875,25.4375,13.28125,13.0625,7.1875,4.125,19.46875
93,1200,580.965517241,2.13793103448,0.103448275862,25.1034482759,56.4482758621,7.75862068966,13.2068965517,19.2413793103,10.4137931034,24.1034482759,15.4482758621,13.8620689655,8.31034482759,3.79310344828,19.8620689655
94,1201,393.3125,3.46875,0.125,26.125,60.6875,6.28125,16.09375,23.125,11.4375,25.59375,13.0625,10.625,8.15625,3.71875,22.25
95,1202,620.161290323,1.67741935484,0.0,23.3548387097,52.0,6.93548387097,16.1612903226,22.935483871,10.2258064516,23.935483871,11.5161290323,13.2903225806,5.87096774194,3.22580645161,18.3548387097
96,1203,418.96969697,6.51515151515,0.0606060606061,25.4848484848,57.4545454545,6.93939393939,17.3333333333,22.9090909091,11.8484848485,26.0303030303,14.0303030303,11.3333333333,6.0,3.33333333333,16.4242424242
97,1204,738.551724138,-2.51724137931,0.0689655172414,24.275862069,60.3793103448,8.8275862069,16.1724137931,22.7931034483,11.6896551724,23.4137931034,10.3793103448,11.4482758621,6.72413793103,2.34482758621,22.3103448276
98,1205,677.733333333,-2.96666666667,0.1,24.7666666667,60.4333333333,8.1,13.8,21.1,12.6,24.6,11.8666666667,13.1333333333,7.16666666667,3.03333333333,20.3666666667
99,1206,816.53125,-5.40625,0.0625,23.9375,59.0,5.375,13.625,20.3125,13.09375,29.375,10.25,12.71875,2.875,3.71875,17.875
100,1207,693.272727273,1.81818181818,0.0909090909091,24.8484848485,56.303030303,7.90909090909,16.0303030303,21.3333333333,9.57575757576,26.2121212121,14.9090909091,13.3939393939,5.45454545455,4.42424242424,22.8787878788
101,1208,533.21875,1.09375,0.0625,23.25,55.3125,6.40625,17.1875,24.46875,11.65625,27.53125,12.375,13.4375,4.875,5.21875,20.9375
102,1209,638.5,-0.607142857143,0.142857142857,23.1428571429,52.8571428571,5.0,13.75,19.8214285714,8.0,22.6785714286,11.6071428571,11.9285714286,6.53571428571,2.96428571429,19.3214285714
103,1210,559.060606061,2.18181818182,0.030303030303,26.7272727273,60.0303030303,5.81818181818,13.9696969697,19.4242424242,13.2424242424,25.7878787879,13.4242424242,11.1212121212,4.54545454545,4.21212121212,18.0
104,1211,330.5625,12.75,0.03125,28.0,57.6875,7.78125,15.71875,20.6875,10.46875,28.90625,13.875,11.34375,5.0,3.0,17.59375
105,1212,1049.42857143,-11.1428571429,0.0714285714286,19.8928571429,51.0714285714,4.92857142857,14.6071428571,22.5,8.78571428571,22.8214285714,8.57142857143,14.8214285714,6.25,1.78571428571,20.4285714286
106,1213,312.965517241,7.34482758621,0.0344827586207,26.2068965517,58.4827586207,6.1724137931,17.2068965517,24.4827586207,11.6896551724,26.4482758621,14.5517241379,12.0,5.89655172414,2.41379310345,18.5862068966
107,1214,457.2,0.9,0.166666666667,25.7333333333,61.5666666667,6.6,16.9,25.8333333333,14.0666666667,27.2333333333,12.2666666667,13.8666666667,5.23333333333,3.66666666667,20.4666666667
108,1216,896.75,-8.59375,0.15625,23.53125,57.625,9.5,14.28125,19.09375,6.90625,23.125,12.09375,11.65625,6.5,1.96875,21.5
109,1217,727.392857143,-0.714285714286,0.0357142857143,24.5714285714,54.5714285714,7.42857142857,10.1785714286,17.2142857143,10.0357142857,26.25,15.1785714286,14.5357142857,4.82142857143,5.07142857143,18.1071428571
110,1218,268.066666667,10.8,0.0333333333333,25.9333333333,56.4666666667,7.33333333333,17.9333333333,26.1333333333,10.4333333333,26.9333333333,15.6333333333,13.1666666667,7.73333333333,3.9,20.4666666667
111,1219,486.071428571,4.64285714286,0.0714285714286,27.0357142857,57.4642857143,5.75,15.4285714286,20.2142857143,10.6071428571,22.6785714286,14.6071428571,10.6785714286,7.5,2.71428571429,17.7857142857
112,1220,400.65625,4.4375,0.1875,26.5625,60.25,8.5,16.65625,24.125,11.875,27.0625,14.8125,11.65625,6.125,3.21875,15.96875
113,1221,732.939393939,-4.33333333333,0.151515151515,22.3333333333,54.0909090909,7.15151515152,13.5151515152,19.5151515152,8.15151515152,21.9696969697,13.9090909091,10.9696969697,6.45454545455,2.51515151515,16.8181818182
114,1222,414.096774194,9.0,0.161290322581,28.1290322581,60.2580645161,6.87096774194,14.7419354839,20.9677419355,12.9677419355,25.0,12.9677419355,10.4838709677,6.0,3.87096774194,19.2258064516
115,1223,709.827586207,-5.1724137931,0.0,24.5862068966,54.1724137931,5.75862068966,18.0689655172,24.8275862069,9.93103448276,24.8620689655,12.7586206897,14.9310344828,4.8275862069,3.24137931034,19.5517241379
116,1224,841.533333333,-6.1,0.133333333333,22.8333333333,57.3666666667,4.4,20.1666666667,27.8,12.4666666667,24.8333333333,8.03333333333,14.8,6.1,2.93333333333,19.6333333333
117,1225,517.516129032,0.741935483871,0.0322580645161,22.4838709677,52.1935483871,6.0,16.6129032258,23.4838709677,11.3548387097,25.5483870968,11.3870967742,15.3870967742,5.03225806452,2.70967741935,22.064516129
118,1226,672.413793103,-3.0,0.0,24.6206896552,56.8275862069,7.62068965517,15.9310344828,21.8620689655,8.86206896552,25.7586206897,11.8620689655,13.1034482759,7.1724137931,2.65517241379,18.7586206897
119,1227,1103.21428571,-13.7142857143,0.142857142857,22.5714285714,59.5714285714,4.35714285714,15.9285714286,25.75,13.3928571429,27.2142857143,10.7857142857,15.5714285714,5.5,5.21428571429,21.75
120,1228,721.941176471,-2.64705882353,0.205882352941,25.3235294118,58.6176470588,8.14705882353,13.3235294118,17.8529411765,7.58823529412,24.0588235294,13.5882352941,10.5,5.85294117647,1.91176470588,17.2352941176
121,1229,592.903225806,0.806451612903,0.0322580645161,23.7741935484,57.6774193548,7.41935483871,12.0,17.8064516129,10.935483871,24.4516129032,12.4838709677,12.5483870968,6.51612903226,3.51612903226,19.7741935484
122,1230,584.6,-3.0,0.04,23.8,56.0,8.32,15.32,19.88,7.8,24.4,14.08,12.44,6.2,2.36,18.64
123,1231,335.90625,13.375,0.03125,29.1875,58.25,9.875,14.03125,19.40625,12.03125,25.34375,15.96875,13.65625,6.9375,3.96875,18.1875
124,1232,708.322580645,-2.16129032258,0.0967741935484,22.2903225806,57.1612903226,6.48387096774,16.5161290323,23.7096774194,10.6774193548,26.935483871,10.7419354839,13.1935483871,5.74193548387,2.61290322581,21.6129032258
125,1233,440.78125,5.9375,0.03125,27.75,60.84375,10.0,14.09375,19.78125,10.59375,26.3125,16.84375,12.78125,7.5625,4.125,19.4375
126,1234,453.290322581,9.38709677419,0.0322580645161,27.5806451613,61.2258064516,8.22580645161,14.7096774194,20.4516129032,11.9032258065,26.4838709677,16.0,10.4193548387,6.8064516129,4.83870967742,16.2580645161
127,1235,478.4375,6.875,0.09375,31.1875,62.1875,8.28125,11.1875,15.84375,9.09375,26.96875,16.53125,11.5625,6.15625,4.21875,15.53125
128,1236,417.709677419,2.48387096774,0.0645161290323,26.9032258065,58.8387096774,10.4193548387,14.3225806452,19.9677419355,9.93548387097,26.0,14.6451612903,12.064516129,5.22580645161,3.25806451613,17.3548387097
129,1237,787.838709677,-5.96774193548,0.0645161290323,24.3548387097,58.064516129,5.74193548387,13.1290322581,18.5161290323,10.064516129,24.2903225806,10.8709677419,13.2580645161,6.64516129032,2.35483870968,20.4838709677
130,1238,618.0,1.125,0.125,24.4375,61.09375,6.375,11.96875,19.03125,13.4375,25.90625,12.09375,12.34375,7.5625,3.5625,21.625
131,1239,741.785714286,-3.25,0.0714285714286,26.6785714286,62.25,8.46428571429,13.0,19.5357142857,10.6071428571,26.6428571429,12.0,11.2142857143,6.07142857143,2.42857142857,19.0357142857
132,1240,999.068965517,-6.31034482759,0.0344827586207,22.6896551724,57.1034482759,7.89655172414,13.0344827586,17.6551724138,9.86206896552,21.4827586207,11.6206896552,10.8275862069,4.93103448276,2.89655172414,19.8965517241
133,1241,489.516129032,5.67741935484,0.161290322581,25.5483870968,57.7419354839,8.48387096774,14.5806451613,21.3548387097,10.6451612903,28.4838709677,12.3225806452,11.8387096774,4.32258064516,2.87096774194,19.1935483871
134,1242,222.515151515,12.696969697,0.121212121212,28.1515151515,57.6060606061,8.12121212121,15.8787878788,22.4848484848,10.5454545455,26.7878787879,15.4545454545,12.5454545455,6.75757575758,4.0,18.9090909091
135,1243,641.333333333,2.51515151515,0.151515151515,24.3939393939,56.8484848485,5.30303030303,16.6363636364,24.1818181818,13.2424242424,23.2121212121,13.8787878788,13.9393939394,7.54545454545,2.75757575758,19.9696969697
136,1244,883.551724138,-6.96551724138,0.0344827586207,25.8275862069,59.0,5.8275862069,13.7931034483,19.7931034483,10.3448275862,22.9310344828,11.9310344828,13.1034482759,6.86206896552,3.13793103448,20.0
137,1245,566.580645161,-0.0645161290323,0.0645161290323,25.6129032258,58.1290322581,5.77419354839,15.8064516129,23.2258064516,12.5483870968,24.7741935484,11.5161290323,11.9677419355,5.03225806452,3.45161290323,18.3870967742
138,1246,355.764705882,11.4117647059,0.0882352941176,28.5588235294,59.6764705882,6.94117647059,15.6176470588,22.8529411765,12.8823529412,25.7058823529,14.4117647059,11.0,5.61764705882,5.64705882353,20.4705882353
139,1247,934.666666667,-10.7333333333,0.0,21.9666666667,54.8,8.3,11.3,16.9333333333,8.8,21.5666666667,12.5666666667,12.5666666667,6.66666666667,2.86666666667,17.2666666667
140,1248,1014.7,-9.0,0.366666666667,25.2666666667,58.0333333333,8.16666666667,12.7,18.3666666667,8.06666666667,23.8,13.8666666667,13.0333333333,5.7,2.3,19.6
141,1249,934.538461538,-5.92307692308,0.0,24.8846153846,59.2692307692,6.46153846154,16.8076923077,25.2692307692,13.0769230769,24.2307692308,13.5,15.0,6.76923076923,3.46153846154,23.4615384615
142,1250,643.806451613,0.774193548387,0.0,25.1612903226,55.4193548387,7.38709677419,12.7419354839,17.5483870968,9.48387096774,24.2903225806,14.7096774194,12.935483871,6.67741935484,3.06451612903,17.3548387097
143,1251,843.689655172,-6.68965517241,0.0,22.4482758621,50.6206896552,8.8275862069,9.37931034483,12.8965517241,6.31034482759,22.0689655172,12.5517241379,13.6551724138,5.13793103448,1.27586206897,20.0
144,1252,875.290322581,-5.03225806452,0.129032258065,26.6129032258,61.1612903226,9.74193548387,14.8064516129,21.2258064516,10.1612903226,26.1290322581,16.3225806452,14.0,6.48387096774,2.8064516129,19.064516129
145,1253,590.03125,-0.34375,0.09375,24.84375,58.46875,8.1875,15.03125,21.96875,10.34375,24.8125,15.0,12.28125,6.34375,2.5,20.53125
146,1254,648.064516129,-0.774193548387,0.0967741935484,26.2258064516,60.8064516129,5.77419354839,17.9677419355,25.1612903226,12.4516129032,25.4516129032,13.935483871,13.6129032258,7.67741935484,2.8064516129,21.0322580645
147,1255,980.333333333,-6.26666666667,0.0666666666667,25.5333333333,57.1,6.8,13.7666666667,19.5666666667,10.3666666667,24.9333333333,12.3666666667,14.4333333333,6.1,2.46666666667,19.2
148,1256,434.7,4.63333333333,0.166666666667,27.2333333333,59.7333333333,7.03333333333,17.3,25.7,10.8333333333,26.7333333333,13.6333333333,12.4666666667,7.03333333333,4.16666666667,18.4
149,1257,383.516129032,13.8387096774,0.0,27.935483871,59.5806451613,6.0,13.0967741935,18.9677419355,13.3870967742,24.7741935484,13.5161290323,11.3870967742,7.16129032258,4.8064516129,19.2580645161
150,1258,747.233333333,-4.5,0.166666666667,25.4333333333,61.2333333333,7.26666666667,12.6,17.3666666667,11.0333333333,22.4666666667,15.3,11.2666666667,6.7,2.83333333333,20.5
151,1259,904.1,-5.66666666667,0.2,24.4,56.7333333333,5.36666666667,15.5,21.7666666667,11.1333333333,24.0,11.2333333333,13.0666666667,5.4,3.4,21.6333333333
152,1260,722.387096774,-1.8064516129,0.0967741935484,22.4516129032,52.935483871,6.1935483871,12.6129032258,17.1935483871,7.41935483871,22.5483870968,11.6129032258,12.4838709677,5.74193548387,2.77419354839,18.3870967742
153,1261,584.424242424,1.78787878788,0.0606060606061,27.7272727273,60.303030303,6.15151515152,17.2424242424,25.9393939394,11.1515151515,26.1212121212,15.3636363636,11.9393939394,7.9696969697,2.72727272727,18.4848484848
154,1262,843.142857143,-7.42857142857,0.0714285714286,27.1071428571,58.25,8.25,13.1428571429,19.3571428571,8.60714285714,23.8214285714,14.3214285714,15.9285714286,6.89285714286,2.39285714286,20.8571428571
155,1263,950.333333333,-10.9,0.1,27.5,63.6333333333,7.6,13.3666666667,20.3666666667,11.2333333333,23.9,14.4333333333,16.3666666667,8.3,3.0,21.3
156,1264,766.096774194,-4.35483870968,0.0967741935484,22.8387096774,53.0322580645,7.48387096774,15.6451612903,21.1290322581,7.8064516129,21.7419354839,14.064516129,14.2580645161,7.67741935484,2.29032258065,21.6774193548
157,1265,988.566666667,-7.16666666667,0.133333333333,24.1,57.1,8.26666666667,15.0333333333,20.5,8.7,23.8,11.6666666667,12.1333333333,4.6,2.7,19.5666666667
158,1266,547.878787879,2.09090909091,0.121212121212,26.7878787879,57.2121212121,5.87878787879,16.8181818182,23.1515151515,9.42424242424,26.3333333333,16.1515151515,14.696969697,7.81818181818,4.15151515152,18.8181818182
159,1267,661.666666667,1.12121212121,0.0606060606061,30.8181818182,66.1515151515,10.0606060606,14.303030303,20.6363636364,10.3333333333,26.9393939394,16.7878787879,12.8484848485,6.84848484848,3.12121212121,19.3333333333
160,1268,375.8125,9.125,0.03125,26.5,54.59375,7.75,14.78125,19.4375,9.21875,26.15625,14.0625,12.84375,5.75,5.375,16.625
161,1269,749.0625,-2.3125,0.125,25.53125,59.46875,7.3125,15.15625,21.6875,9.59375,26.0625,13.84375,12.78125,6.46875,3.53125,20.875
162,1270,949.076923077,-8.5,0.192307692308,24.6538461538,60.4230769231,7.03846153846,15.0384615385,21.8461538462,11.0,24.7692307692,11.0384615385,12.8076923077,5.61538461538,4.07692307692,20.1538461538
163,1271,924.161290323,-8.06451612903,0.0967741935484,23.1290322581,53.3225806452,6.1935483871,14.0967741935,19.8709677419,10.3870967742,22.6451612903,12.1290322581,15.7096774194,5.74193548387,2.22580645161,21.6451612903
164,1272,605.823529412,6.26470588235,0.0588235294118,25.7941176471,62.4705882353,6.05882352941,18.9117647059,26.1764705882,12.8235294118,27.6176470588,15.0,12.1470588235,7.67647058824,5.44117647059,20.0294117647
165,1273,615.516129032,1.74193548387,0.193548387097,25.5161290323,57.1935483871,6.38709677419,13.9032258065,18.8709677419,12.5806451613,26.7419354839,14.3870967742,12.7741935484,4.93548387097,2.32258064516,17.5161290323
166,1274,339.625,8.8125,0.03125,26.15625,54.875,6.84375,16.46875,21.9375,9.6875,25.0625,12.8125,10.65625,6.0625,3.625,16.5625
167,1275,821.125,-5.65625,0.0,21.71875,53.96875,5.4375,14.28125,19.4375,9.75,22.40625,10.21875,12.09375,6.46875,2.15625,18.8125
168,1276,514.363636364,6.24242424242,0.030303030303,26.3939393939,56.7878787879,9.69696969697,11.9393939394,16.1515151515,7.87878787879,24.1515151515,14.9696969697,9.72727272727,5.42424242424,2.09090909091,15.6666666667
169,1277,257.058823529,16.3823529412,0.0588235294118,28.7941176471,59.5294117647,9.11764705882,13.0588235294,17.8823529412,12.2941176471,29.5588235294,20.5588235294,11.7941176471,4.41176470588,5.14705882353,19.0882352941
170,1278,968.193548387,-6.0,0.0967741935484,23.3548387097,57.6129032258,6.16129032258,15.1290322581,21.3870967742,10.0,24.4516129032,12.2258064516,11.4193548387,5.48387096774,3.64516129032,18.2580645161
171,1279,529.15625,3.09375,0.0625,24.875,59.84375,7.875,17.53125,24.71875,13.25,25.1875,12.875,12.0625,7.5625,3.125,19.875
172,1280,737.774193548,2.16129032258,0.0322580645161,27.4193548387,60.064516129,7.25806451613,12.8387096774,17.7096774194,10.4838709677,24.8064516129,13.9032258065,12.6774193548,6.51612903226,4.29032258065,19.2580645161
173,1281,893.225806452,-4.38709677419,0.0,23.6129032258,56.0,5.64516129032,15.7096774194,22.1935483871,9.51612903226,26.2580645161,11.7096774194,12.4516129032,5.45161290323,2.61290322581,20.5483870968
174,1282,894.5,-4.07142857143,0.0357142857143,24.1428571429,56.8214285714,7.14285714286,13.6785714286,20.0357142857,11.6071428571,23.4285714286,11.1785714286,13.1785714286,5.82142857143,3.10714285714,20.9642857143
175,1283,814.483870968,-6.09677419355,0.0645161290323,23.3225806452,56.3225806452,5.29032258065,15.0322580645,22.1612903226,10.2258064516,24.7096774194,12.1612903226,12.9032258065,6.12903225806,4.09677419355,19.2903225806
176,1284,327.764705882,7.73529411765,0.0588235294118,26.6176470588,61.0,7.85294117647,18.3235294118,23.9117647059,10.7647058824,28.0588235294,12.2647058824,12.5294117647,8.32352941176,3.58823529412,21.2058823529
177,1285,536.689655172,3.8275862069,0.0689655172414,25.275862069,54.6206896552,7.41379310345,14.2413793103,20.6206896552,9.44827586207,24.724137931,12.9310344828,12.275862069,5.1724137931,2.41379310345,22.0689655172
178,1286,764.1,-1.56666666667,0.0333333333333,26.6333333333,61.9333333333,9.6,13.1,19.0,12.7666666667,24.6333333333,12.6,12.2,4.9,2.0,22.1
179,1287,574.517241379,2.89655172414,0.0689655172414,25.3103448276,58.724137931,5.89655172414,14.2068965517,20.5517241379,14.8275862069,22.0689655172,13.6551724138,12.8965517241,7.44827586207,2.37931034483,23.2413793103
180,1288,964.133333333,-4.6,0.0666666666667,23.8,59.9,5.16666666667,14.6666666667,21.4666666667,11.9333333333,22.8333333333,11.3,11.7,6.1,2.1,18.6
181,1290,1011.37142857,-11.7428571429,0.142857142857,23.6,60.8285714286,5.11428571429,13.2,19.0571428571,10.8571428571,24.7428571429,10.6571428571,13.4285714286,6.88571428571,2.34285714286,19.1714285714
182,1291,774.242424242,-1.93939393939,0.0909090909091,23.8787878788,59.6060606061,6.84848484848,12.6060606061,18.2121212121,9.63636363636,21.3333333333,10.9393939394,12.1515151515,7.51515151515,3.60606060606,19.8484848485
183,1292,428.741935484,4.09677419355,0.0322580645161,25.9032258065,57.7096774194,8.0,12.5161290323,20.6129032258,10.2580645161,26.5483870968,13.0322580645,11.935483871,6.25806451613,3.48387096774,20.4516129032
184,1293,661.172413793,1.48275862069,0.0344827586207,24.3448275862,54.2068965517,7.27586206897,13.2068965517,18.4827586207,9.44827586207,22.6896551724,13.8620689655,11.5862068966,5.55172413793,1.93103448276,19.8620689655
185,1294,959.172413793,-8.20689655172,0.0,24.6551724138,54.9310344828,6.37931034483,17.275862069,23.8275862069,10.1724137931,23.5862068966,10.0689655172,13.8965517241,5.62068965517,2.55172413793,23.3103448276
186,1295,583.0,2.06451612903,0.0322580645161,24.1612903226,55.064516129,6.58064516129,12.7419354839,18.6774193548,8.67741935484,25.4838709677,10.1935483871,10.7419354839,5.83870967742,3.64516129032,16.064516129
187,1296,579.068965517,1.0,0.0689655172414,23.5862068966,56.6551724138,7.1724137931,15.8965517241,23.5172413793,12.0,25.9310344828,13.2068965517,12.8620689655,6.86206896552,3.44827586207,20.7586206897
188,1297,993.535714286,-6.17857142857,0.0714285714286,24.8571428571,57.1071428571,7.67857142857,12.0714285714,17.8214285714,9.25,24.8214285714,14.1428571429,13.7142857143,4.5,2.78571428571,20.8571428571
189,1298,607.71875,2.0625,0.125,24.21875,53.21875,4.28125,14.59375,22.8125,10.84375,24.6875,13.34375,13.15625,5.65625,3.78125,19.84375
190,1299,903.612903226,-8.29032258065,0.161290322581,22.935483871,56.9677419355,6.25806451613,15.0322580645,21.0967741935,11.064516129,24.5483870968,10.3225806452,13.6129032258,5.03225806452,2.35483870968,22.4516129032
191,1300,877.034482759,-2.96551724138,0.0344827586207,23.5517241379,55.724137931,6.10344827586,14.275862069,21.5517241379,12.2413793103,24.2413793103,11.7931034483,13.724137931,5.44827586207,1.48275862069,19.9310344828
192,1301,708.606060606,0.787878787879,0.0606060606061,26.2424242424,60.5757575758,6.27272727273,16.4545454545,23.5454545455,13.8484848485,25.7272727273,11.6060606061,11.0909090909,4.51515151515,4.27272727273,16.9090909091
193,1303,632.862068966,2.13793103448,0.103448275862,29.2413793103,61.8275862069,5.75862068966,19.6206896552,26.275862069,10.0,24.3103448276,14.0,13.0344827586,9.34482758621,2.89655172414,20.6206896552
194,1304,727.911764706,3.26470588235,0.0588235294118,25.9705882353,58.1176470588,6.47058823529,13.8235294118,18.9411764706,11.0882352941,24.1470588235,11.6764705882,11.7941176471,7.35294117647,3.29411764706,19.3235294118
195,1305,608.433333333,-0.133333333333,0.166666666667,24.5666666667,61.0666666667,4.7,18.0333333333,24.7333333333,12.2333333333,27.9333333333,11.3333333333,13.1,7.03333333333,5.46666666667,21.5
196,1306,585.413793103,-1.10344827586,0.0689655172414,23.724137931,57.8620689655,6.44827586207,15.7931034483,21.6896551724,11.1379310345,26.6551724138,11.275862069,11.3448275862,3.96551724138,1.65517241379,18.3448275862
197,1307,655.59375,2.625,0.03125,25.90625,55.6875,6.125,18.0625,24.46875,9.6875,26.96875,14.40625,15.28125,5.625,4.0625,20.59375
198,1308,473.516129032,7.41935483871,0.129032258065,25.7741935484,56.0322580645,5.12903225806,14.3548387097,21.2903225806,12.2903225806,29.0,13.935483871,13.9032258065,4.1935483871,4.83870967742,16.064516129
199,1309,990.925925926,-6.03703703704,0.037037037037,24.962962963,61.1111111111,5.14814814815,18.1851851852,26.4074074074,14.0,23.2222222222,13.0740740741,14.5925925926,7.66666666667,2.62962962963,21.4814814815
200,1310,1038.65625,-7.40625,0.125,22.96875,56.875,5.1875,13.46875,19.375,12.0,24.46875,10.84375,14.40625,5.15625,3.21875,19.5625
201,1311,991.870967742,-11.4516129032,0.0967741935484,22.6451612903,54.7096774194,6.29032258065,14.5161290323,22.0967741935,9.06451612903,23.935483871,12.2903225806,15.8064516129,6.51612903226,4.8064516129,20.3548387097
202,1312,654.6,0.0,0.0666666666667,25.7,58.1666666667,8.43333333333,15.1666666667,20.4333333333,9.5,25.0666666667,15.6,13.0,6.63333333333,2.13333333333,20.0
203,1313,717.483870968,0.193548387097,0.0645161290323,23.9677419355,56.3225806452,7.41935483871,18.5483870968,23.7419354839,11.0322580645,23.2258064516,12.2580645161,12.1935483871,5.70967741935,5.06451612903,21.2903225806
204,1314,301.294117647,12.7058823529,0.0,30.7941176471,64.3235294118,5.38235294118,15.2941176471,20.7352941176,14.0294117647,26.9411764706,18.1176470588,10.9117647059,6.88235294118,4.38235294118,17.9117647059
205,1315,719.896551724,1.37931034483,0.103448275862,26.0,57.4827586207,6.1724137931,15.3103448276,22.4482758621,8.48275862069,27.3103448276,12.9310344828,13.275862069,7.55172413793,2.58620689655,21.4827586207
206,1316,538.666666667,3.56666666667,0.0,29.3,60.8666666667,12.1,12.7,17.5666666667,8.33333333333,25.3,16.1,10.6666666667,4.76666666667,4.86666666667,16.6
207,1317,903.533333333,-6.6,0.0333333333333,25.1,56.6333333333,5.66666666667,16.2666666667,25.0,11.1666666667,23.9,10.8,13.8666666667,6.4,3.0,21.2666666667
208,1318,656.75,0.25,0.28125,23.75,54.40625,8.71875,15.1875,21.03125,8.71875,24.59375,14.625,12.375,5.6875,3.21875,16.46875
209,1319,1185.75,-15.4642857143,0.178571428571,22.6785714286,58.0714285714,7.17857142857,14.7142857143,20.9642857143,8.60714285714,24.1428571429,11.8928571429,13.1071428571,6.28571428571,1.75,19.0
210,1320,525.121212121,4.63636363636,0.030303030303,23.3636363636,51.4242424242,8.09090909091,12.7272727273,16.8787878788,5.36363636364,24.3333333333,11.8484848485,9.69696969697,5.78787878788,2.63636363636,15.3333333333
211,1321,544.5,6.03125,0.15625,26.15625,58.125,8.6875,11.0,16.5,10.6875,25.75,16.46875,10.34375,3.875,3.78125,18.90625
212,1322,1064.83333333,-10.0833333333,0.0,26.625,60.1666666667,7.16666666667,16.4166666667,21.2083333333,9.83333333333,22.2083333333,14.875,14.625,6.29166666667,3.04166666667,20.0416666667
213,1323,508.21875,5.125,0.03125,27.15625,57.625,7.34375,14.0625,19.125,10.90625,25.15625,13.46875,9.71875,5.59375,3.90625,15.5
214,1324,514.1875,7.40625,0.03125,28.75,62.6875,8.875,19.9375,25.96875,11.6875,27.96875,15.625,11.59375,5.9375,3.53125,19.1875
215,1325,521.870967742,3.25806451613,0.0322580645161,26.8387096774,57.0,8.45161290323,15.7741935484,21.1935483871,8.58064516129,26.8709677419,14.0322580645,12.064516129,4.38709677419,3.70967741935,18.5806451613
216,1326,567.303030303,2.42424242424,0.0909090909091,25.1515151515,56.6363636364,6.30303030303,13.8181818182,20.5757575758,10.6060606061,26.9696969697,11.4848484848,12.9090909091,5.54545454545,5.42424242424,17.7272727273
217,1328,354.75,9.96875,0.09375,27.625,60.25,10.4375,14.71875,20.21875,10.71875,28.09375,14.53125,12.96875,6.90625,5.25,16.8125
218,1329,858.4375,-0.625,0.09375,22.59375,53.40625,6.40625,14.90625,20.4375,9.6875,25.03125,12.15625,12.5625,5.59375,4.125,19.90625
219,1330,539.485714286,6.65714285714,0.0571428571429,25.9142857143,58.6,4.08571428571,12.5714285714,18.5142857143,13.2857142857,25.5714285714,13.1714285714,9.2,5.74285714286,4.11428571429,18.3428571429
220,1331,811.413793103,-3.27586206897,0.0344827586207,26.1379310345,57.7586206897,6.06896551724,16.0,21.1379310345,9.55172413793,24.6206896552,11.7931034483,12.2068965517,5.03448275862,4.24137931034,18.724137931
221,1332,308.0,9.15151515152,0.030303030303,27.303030303,58.8787878788,7.0,16.9393939394,23.696969697,11.7575757576,24.0,13.6363636364,11.3636363636,7.60606060606,5.81818181818,18.0303030303
222,1333,578.633333333,1.43333333333,0.0,25.3,57.5666666667,6.83333333333,14.5666666667,21.4,10.5666666667,23.9666666667,13.3666666667,11.5333333333,7.33333333333,3.26666666667,20.2333333333
223,1334,1042.92307692,-5.92307692308,0.153846153846,23.8076923077,55.3461538462,6.57692307692,14.3076923077,21.2692307692,10.0384615385,24.9230769231,12.1538461538,13.6923076923,4.07692307692,2.46153846154,23.3846153846
224,1335,868.740740741,-4.03703703704,0.0740740740741,24.4074074074,56.9259259259,7.03703703704,12.2222222222,18.1851851852,9.96296296296,25.3703703704,13.4444444444,13.3333333333,5.07407407407,2.59259259259,18.4814814815
225,1336,703.28125,-3.78125,0.0625,22.875,56.21875,6.59375,13.5,19.40625,10.40625,24.3125,10.0625,11.28125,5.1875,4.40625,20.21875
226,1337,622.666666667,0.9,0.133333333333,25.8,57.6333333333,4.93333333333,16.3333333333,23.9333333333,10.9,25.5,13.9333333333,11.2,5.73333333333,2.76666666667,18.4333333333
227,1338,529.612903226,7.06451612903,0.0645161290323,26.6774193548,58.0967741935,6.29032258065,16.1290322581,21.2903225806,12.6451612903,24.9677419355,16.7741935484,11.6774193548,5.03225806452,3.45161290323,17.4838709677
228,1339,893.258064516,-2.77419354839,0.0322580645161,26.8709677419,62.7419354839,8.87096774194,14.3225806452,19.6774193548,11.5806451613,23.4838709677,12.935483871,12.1935483871,6.32258064516,3.96774193548,21.8064516129
229,1340,863.862068966,-2.20689655172,0.0,28.6206896552,60.8620689655,5.13793103448,13.5862068966,20.6206896552,10.4137931034,24.3448275862,16.4827586207,12.6551724138,8.34482758621,3.55172413793,19.0689655172
230,1341,1053.48387097,-10.6129032258,0.0,21.1935483871,55.7096774194,4.09677419355,13.935483871,20.3225806452,11.4516129032,20.7096774194,8.67741935484,15.0,7.70967741935,2.70967741935,22.2903225806
231,1342,980.142857143,-8.39285714286,0.0357142857143,23.25,54.25,4.82142857143,13.5,18.8928571429,8.82142857143,23.2857142857,10.7142857143,14.4285714286,6.14285714286,1.78571428571,19.0357142857
232,1343,361.962962963,9.40740740741,0.0740740740741,27.2222222222,58.6296296296,9.44444444444,14.3703703704,20.1851851852,9.62962962963,26.5185185185,14.6666666667,11.4814814815,7.11111111111,3.55555555556,17.3703703704
233,1344,460.545454545,4.24242424242,0.0909090909091,25.2424242424,59.8181818182,7.09090909091,16.3939393939,22.5454545455,11.6666666667,24.9090909091,15.9090909091,11.5151515152,6.63636363636,3.60606060606,16.9090909091
234,1345,378.794117647,13.1470588235,0.0294117647059,27.4705882353,58.2352941176,7.61764705882,15.1764705882,20.4411764706,11.6176470588,29.2058823529,17.5882352941,11.9411764706,4.26470588235,4.64705882353,17.1764705882
235,1346,962.933333333,-5.4,0.1,23.2666666667,63.2666666667,7.63333333333,11.4666666667,17.7333333333,16.6,26.8,12.5666666667,15.3,4.86666666667,4.7,20.4333333333
236,1347,732.793103448,-1.72413793103,0.206896551724,26.5517241379,59.9655172414,7.13793103448,11.3103448276,17.3793103448,12.7931034483,23.8965517241,12.4482758621,13.2413793103,5.8275862069,4.34482758621,18.7931034483
237,1348,672.125,4.625,0.09375,24.4375,55.0625,6.65625,13.84375,20.6875,10.46875,24.46875,12.21875,11.53125,5.3125,4.96875,19.0
238,1349,927.533333333,-6.1,0.0333333333333,25.4,56.6,7.16666666667,17.6,23.5,9.16666666667,23.0666666667,12.9666666667,12.7666666667,6.16666666667,2.7,17.7333333333
239,1350,716.4375,2.71875,0.09375,27.8125,57.75,7.5,13.4375,20.34375,7.84375,24.0625,16.59375,10.21875,6.5625,2.3125,19.0625
240,1351,848.363636364,-1.39393939394,0.121212121212,23.303030303,54.6060606061,6.18181818182,13.1818181818,19.3333333333,10.0,25.4545454545,12.6060606061,12.7878787879,5.72727272727,3.75757575758,17.7878787879
241,1352,951.4375,-5.78125,0.03125,23.15625,55.625,5.5625,13.1875,19.78125,9.46875,23.0625,12.5,14.1875,8.28125,3.96875,17.28125
242,1353,1106.61290323,-13.4838709677,0.0967741935484,24.3548387097,58.6451612903,5.03225806452,13.8064516129,20.2580645161,9.58064516129,24.8709677419,11.5806451613,13.6451612903,6.09677419355,3.35483870968,17.2580645161
243,1354,654.161290323,-1.67741935484,0.0,25.6129032258,57.2903225806,5.8064516129,14.3225806452,19.9677419355,10.0,23.5806451613,12.7419354839,11.4838709677,4.54838709677,2.8064516129,19.1935483871
244,1355,365.193548387,7.03225806452,0.0,25.5161290323,57.0322580645,7.58064516129,17.1935483871,23.1612903226,11.1612903226,26.3548387097,11.2903225806,11.7419354839,4.61290322581,2.12903225806,19.9677419355
245,1356,477.84375,4.09375,0.0625,25.875,57.09375,6.625,15.375,22.4375,11.15625,24.3125,11.53125,13.6875,7.25,1.96875,21.4375
246,1357,845.933333333,-3.96666666667,0.0666666666667,26.1666666667,59.8333333333,5.63333333333,15.9333333333,23.1666666667,12.6,25.0,12.1,14.7333333333,6.33333333333,2.56666666667,20.8333333333
247,1358,696.793103448,0.586206896552,0.0344827586207,24.8275862069,58.3793103448,7.72413793103,14.6551724138,21.3793103448,10.7931034483,25.0,15.8275862069,11.5172413793,5.34482758621,1.58620689655,22.0344827586
248,1359,864.516129032,-1.45161290323,0.161290322581,24.8709677419,55.0967741935,5.25806451613,17.3225806452,24.1935483871,10.0967741935,23.4193548387,12.2903225806,13.7096774194,6.74193548387,3.29032258065,20.9677419355
249,1360,1003.96551724,-9.20689655172,0.0,20.8965517241,53.4137931034,6.48275862069,12.1034482759,18.1034482759,9.27586206897,23.5172413793,11.1034482759,13.6896551724,4.41379310345,3.93103448276,21.5517241379
250,1361,434.9375,7.375,0.0625,22.71875,54.5625,5.875,16.53125,24.15625,11.71875,27.03125,10.625,12.53125,5.59375,5.4375,17.71875
251,1362,742.862068966,-2.24137931034,0.137931034483,26.5517241379,60.8620689655,7.68965517241,16.0689655172,23.7586206897,12.724137931,26.2068965517,12.275862069,12.7586206897,5.31034482759,2.8275862069,21.0344827586
252,1363,1085.57142857,-7.14285714286,0.0357142857143,23.0714285714,56.5,6.75,14.1428571429,21.7857142857,10.0,25.0714285714,13.5714285714,13.5357142857,5.57142857143,3.78571428571,22.5714285714
253,1364,633.733333333,2.76666666667,0.0333333333333,25.9333333333,58.8666666667,7.56666666667,11.5333333333,16.1666666667,10.4666666667,26.6666666667,14.9666666667,12.4333333333,5.96666666667,2.96666666667,20.1666666667
254,1365,934.3,-6.53333333333,0.166666666667,22.9666666667,55.8,7.56666666667,13.5,18.8666666667,8.56666666667,24.6666666667,12.2666666667,11.4666666667,4.33333333333,2.76666666667,20.1
255,1366,738.310344828,-6.48275862069,0.0344827586207,20.5172413793,52.0344827586,6.1724137931,13.5862068966,20.4482758621,9.13793103448,22.4137931034,10.1034482759,14.7586206897,5.65517241379,2.48275862069,20.1034482759
256,1367,1044.64285714,-9.39285714286,0.0714285714286,26.0,58.8928571429,6.92857142857,11.6785714286,18.25,12.25,24.4285714286,14.4642857143,13.8928571429,4.46428571429,2.96428571429,20.1428571429
257,1368,952.709677419,-6.06451612903,0.0322580645161,24.8064516129,55.5161290323,7.12903225806,13.1612903226,20.5806451613,10.2258064516,23.9032258065,13.9032258065,15.0967741935,6.16129032258,2.67741935484,20.4838709677
258,1369,1224.44444444,-12.6296296296,0.037037037037,23.4814814815,58.8888888889,5.0,13.4444444444,21.037037037,11.3703703704,24.2592592593,11.8148148148,14.2592592593,7.18518518519,1.55555555556,18.1851851852
259,1370,812.428571429,-4.42857142857,0.0357142857143,22.6428571429,54.0,6.07142857143,12.7857142857,19.1428571429,11.2142857143,24.6428571429,12.5357142857,15.3928571429,5.75,1.60714285714,18.6071428571
260,1371,389.909090909,7.06060606061,0.030303030303,26.4242424242,58.696969697,6.12121212121,15.8787878788,23.8484848485,12.8787878788,27.1515151515,13.5454545455,13.8484848485,7.27272727273,4.66666666667,18.6666666667
261,1372,313.357142857,15.2857142857,0.0,28.4285714286,58.4285714286,7.96428571429,14.7142857143,19.7857142857,11.0357142857,22.75,18.3571428571,12.5714285714,8.35714285714,3.28571428571,20.9285714286
262,1373,550.545454545,5.18181818182,0.151515151515,27.2727272727,58.696969697,6.24242424242,17.3636363636,24.0,13.6060606061,26.8787878788,14.4545454545,15.9696969697,6.12121212121,4.57575757576,21.1212121212
263,1374,294.933333333,13.8666666667,0.0,28.6,57.5666666667,6.46666666667,13.6333333333,19.4666666667,13.2,26.2333333333,17.6,12.4,6.06666666667,4.56666666667,15.7333333333
264,1375,871.741935484,-6.16129032258,0.161290322581,23.4838709677,58.0,6.45161290323,14.8709677419,22.1935483871,11.6451612903,25.3225806452,10.4193548387,14.7419354839,6.67741935484,4.03225806452,20.3870967742
265,1376,414.870967742,6.41935483871,0.0645161290323,25.5806451613,59.9032258065,6.25806451613,18.4193548387,26.8064516129,14.1612903226,26.6129032258,13.1612903226,13.8387096774,6.70967741935,4.22580645161,20.2580645161
266,1377,859.933333333,-4.7,0.166666666667,28.2666666667,60.9,6.43333333333,12.9666666667,18.3333333333,8.83333333333,23.8333333333,15.1333333333,11.9333333333,6.5,3.46666666667,20.8
267,1378,1061.57575758,-8.09090909091,0.0,23.4545454545,56.1212121212,4.0303030303,12.2424242424,18.5454545455,12.5151515152,26.0,10.0303030303,14.696969697,4.54545454545,5.33333333333,17.8181818182
268,1379,1040.2962963,-6.92592592593,0.148148148148,20.8888888889,51.3333333333,8.92592592593,13.0740740741,18.5185185185,7.81481481481,23.5925925926,11.9259259259,13.3703703704,5.2962962963,2.18518518519,18.8518518519
269,1380,579.870967742,1.87096774194,0.0,25.1612903226,57.7096774194,5.87096774194,15.0322580645,22.3225806452,10.1612903226,25.2580645161,10.3225806452,11.3225806452,7.35483870968,3.32258064516,19.7419354839
270,1381,1194.96428571,-13.1428571429,0.0714285714286,24.0357142857,55.8571428571,7.0,14.0357142857,19.7857142857,8.32142857143,21.6785714286,11.6428571429,13.1428571429,5.5,2.67857142857,20.9642857143
271,1382,425.933333333,4.96666666667,0.0666666666667,26.2,58.8,8.23333333333,17.1666666667,22.2333333333,11.0,24.6333333333,13.6,11.5,5.9,4.26666666667,19.5666666667
272,1383,790.35483871,-2.0,0.0645161290323,21.935483871,55.7096774194,7.25806451613,13.4516129032,20.1290322581,12.064516129,24.7419354839,11.3870967742,13.6774193548,5.8064516129,4.93548387097,18.6129032258
273,1384,842.689655172,-3.51724137931,0.0689655172414,23.5172413793,56.1034482759,7.13793103448,15.0344827586,21.5862068966,11.3103448276,24.5517241379,11.6551724138,12.4827586207,4.37931034483,3.03448275862,17.0344827586
274,1385,1087.64516129,-9.83870967742,0.0,23.2903225806,58.2580645161,6.32258064516,14.0,22.1612903226,10.8709677419,24.9032258065,12.8064516129,15.2903225806,6.29032258065,5.58064516129,21.4193548387
275,1386,346.970588235,7.67647058824,0.0294117647059,27.2352941176,59.9411764706,7.0,16.1176470588,22.6176470588,10.1470588235,28.4411764706,15.1176470588,10.1176470588,5.14705882353,3.38235294118,16.0294117647
276,1387,937.125,-6.21875,0.0625,22.625,53.9375,6.21875,14.34375,20.40625,7.1875,25.46875,13.3125,13.625,5.46875,2.0625,20.1875
277,1388,288.290322581,13.6129032258,0.0,27.3870967742,53.7096774194,8.74193548387,11.2258064516,16.0967741935,8.87096774194,26.064516129,16.6774193548,9.54838709677,4.87096774194,3.45161290323,15.6129032258
278,1389,773.233333333,-0.7,0.0666666666667,23.3333333333,55.3333333333,6.1,12.7666666667,19.4,10.7333333333,26.1,11.9,13.0666666667,5.56666666667,2.83333333333,17.6
279,1390,756.172413793,-2.34482758621,0.0689655172414,23.2413793103,54.8965517241,5.65517241379,17.0,24.8620689655,10.8965517241,22.724137931,11.5172413793,11.8275862069,6.68965517241,2.96551724138,20.275862069
280,1391,1042.76666667,-6.43333333333,0.2,27.4333333333,61.5,8.06666666667,14.9666666667,20.7666666667,9.4,24.9,13.9,12.4333333333,5.66666666667,2.13333333333,18.2666666667
281,1392,340.766666667,10.2666666667,0.0333333333333,28.1,58.9333333333,6.46666666667,12.8,19.1333333333,11.8333333333,26.5,16.3,11.6666666667,5.9,4.6,16.2333333333
282,1393,609.59375,4.5,0.09375,23.9375,56.125,8.75,13.59375,19.90625,11.8125,23.71875,14.0625,12.125,8.09375,4.0625,16.5625
283,1394,384.1,3.13333333333,0.0,25.1333333333,57.5333333333,6.4,16.1333333333,21.7666666667,11.0666666667,23.2666666667,12.5,12.4,9.36666666667,4.5,21.1666666667
284,1395,914.121212121,-4.54545454545,0.0,22.2424242424,54.8484848485,5.66666666667,16.7878787879,25.0303030303,10.7575757576,22.9696969697,11.5757575758,14.4848484848,6.45454545455,3.81818181818,20.5151515152
285,1396,527.0,1.21875,0.125,24.75,61.15625,7.84375,11.3125,16.53125,11.1875,25.5625,13.53125,9.15625,5.34375,3.125,16.125
286,1397,816.617647059,-0.0588235294118,0.0,26.1764705882,62.2352941176,7.38235294118,15.3823529412,21.2058823529,12.5882352941,25.4117647059,13.4705882353,11.1764705882,5.29411764706,4.58823529412,19.4705882353
287,1398,547.5,3.78571428571,0.0714285714286,25.6785714286,56.0357142857,5.5,16.3928571429,23.4285714286,10.9642857143,25.3571428571,10.3214285714,13.2857142857,7.67857142857,3.53571428571,20.8928571429
288,1399,599.535714286,1.03571428571,0.0357142857143,24.9642857143,55.75,8.53571428571,18.5357142857,24.8214285714,9.46428571429,26.4642857143,13.7857142857,12.6428571429,5.10714285714,3.67857142857,19.25
289,1400,571.46875,3.28125,0.0625,24.65625,57.125,6.96875,15.0625,22.65625,11.0,23.53125,11.46875,10.375,5.15625,4.375,20.75
290,1401,389.676470588,10.3823529412,0.0588235294118,26.6470588235,59.2941176471,7.67647058824,14.9411764706,22.2058823529,12.8235294118,26.0588235294,16.8823529412,11.7941176471,6.91176470588,3.76470588235,18.0882352941
291,1402,805.310344828,-1.06896551724,0.0689655172414,23.0,54.3448275862,4.65517241379,13.8275862069,20.4827586207,10.4137931034,22.9310344828,11.6206896552,11.6206896552,6.0,2.93103448276,18.3103448276
292,1403,590.35483871,2.54838709677,0.0967741935484,24.5161290323,54.8387096774,5.74193548387,17.6129032258,23.6129032258,10.3225806452,23.8387096774,13.0322580645,11.9677419355,5.87096774194,4.1935483871,18.4838709677
293,1404,676.225806452,-0.903225806452,0.0967741935484,24.4516129032,56.0,7.48387096774,14.3548387097,20.064516129,10.4193548387,25.4838709677,11.5483870968,12.4838709677,5.29032258065,1.83870967742,18.0322580645
294,1405,723.709677419,5.32258064516,0.0,26.9032258065,58.7096774194,8.09677419355,15.064516129,20.1290322581,9.54838709677,26.4193548387,16.1935483871,11.6774193548,5.25806451613,2.0,17.2580645161
295,1406,609.033333333,2.16666666667,0.0666666666667,23.8,56.5,5.5,17.2333333333,25.4,14.2666666667,24.4333333333,11.0333333333,12.1,5.56666666667,4.56666666667,20.7333333333
296,1407,1084.24137931,-7.13793103448,0.0689655172414,23.3793103448,58.4482758621,6.86206896552,14.0689655172,22.2068965517,11.3103448276,24.6551724138,10.8620689655,11.6896551724,5.79310344828,2.86206896552,18.724137931
297,1408,937.088235294,-4.64705882353,0.176470588235,23.5882352941,59.4411764706,6.35294117647,12.3529411765,18.2647058824,12.2058823529,25.0294117647,10.9411764706,13.2647058824,6.41176470588,3.85294117647,19.0882352941
298,1409,549.225806452,4.32258064516,0.0645161290323,25.6774193548,57.8387096774,6.96774193548,15.6774193548,23.1290322581,10.0967741935,24.935483871,13.7096774194,10.8064516129,6.8064516129,2.67741935484,17.7096774194
299,1410,1163.40740741,-13.6296296296,0.0,23.2592592593,56.7407407407,7.0,11.2962962963,16.8148148148,8.37037037037,23.962962963,14.7037037037,12.1111111111,4.7037037037,2.92592592593,17.8888888889
300,1411,660.71875,2.65625,0.0,25.59375,55.875,6.84375,14.78125,23.5,12.34375,25.40625,14.3125,13.3125,4.46875,2.9375,15.09375
301,1412,337.387096774,7.35483870968,0.129032258065,28.0967741935,59.3548387097,7.45161290323,14.1290322581,19.9032258065,11.2258064516,26.5806451613,18.1935483871,12.4516129032,6.32258064516,5.87096774194,17.935483871
302,1413,980.964285714,-4.32142857143,0.178571428571,22.9285714286,53.7142857143,5.60714285714,11.5357142857,18.0357142857,8.60714285714,25.0357142857,11.25,14.1428571429,6.10714285714,1.5,18.0714285714
303,1414,451.1875,4.59375,0.0625,25.1875,55.40625,6.1875,14.15625,20.625,9.84375,27.03125,15.25,12.34375,5.6875,4.9375,18.75
304,1415,896.032258065,-2.58064516129,0.0,23.064516129,54.7419354839,7.38709677419,14.3548387097,20.1612903226,9.8064516129,24.7096774194,12.0322580645,13.4193548387,4.96774193548,2.77419354839,19.8709677419
305,1416,880.666666667,-2.83333333333,0.0666666666667,23.8333333333,55.4666666667,6.9,14.1666666667,20.6333333333,10.9666666667,27.8666666667,12.6333333333,14.6666666667,4.56666666667,4.7,15.6
306,1417,790.53125,0.78125,0.09375,28.59375,63.0,6.25,14.0625,20.34375,12.28125,27.3125,15.6875,12.25,5.46875,3.4375,18.625
307,1418,727.931034483,3.96551724138,0.0689655172414,26.5517241379,61.0344827586,6.37931034483,18.1034482759,26.0344827586,14.4482758621,26.5517241379,12.3448275862,12.8965517241,6.44827586207,3.62068965517,18.9310344828
308,1419,641.387096774,1.35483870968,0.193548387097,26.064516129,57.8387096774,6.58064516129,13.064516129,18.8387096774,11.0322580645,25.3870967742,13.8387096774,12.2258064516,5.22580645161,3.29032258065,18.064516129
309,1420,1127.09375,-8.5,0.0625,24.625,55.875,6.75,16.09375,23.5625,8.71875,23.0625,12.34375,12.4375,6.96875,1.8125,20.0
310,1421,553.322580645,5.45161290323,0.0645161290323,25.9032258065,57.5161290323,5.58064516129,17.0967741935,24.3870967742,11.5483870968,25.4516129032,12.0,13.1612903226,9.22580645161,3.22580645161,17.6774193548
311,1422,912.724137931,-2.93103448276,0.0689655172414,25.8965517241,58.6551724138,8.68965517241,11.3103448276,16.7586206897,9.79310344828,24.3793103448,13.0344827586,12.3103448276,5.8275862069,2.44827586207,20.3103448276
312,1423,394.0,6.36666666667,0.1,27.8333333333,61.1666666667,6.96666666667,15.4333333333,21.9333333333,11.8333333333,25.4,13.2333333333,11.4333333333,6.9,4.16666666667,23.8666666667
313,1424,732.870967742,2.32258064516,0.193548387097,26.1290322581,60.1612903226,7.58064516129,16.9677419355,24.5806451613,10.7741935484,26.8387096774,14.8387096774,14.2580645161,7.64516129032,5.12903225806,21.4516129032
314,1425,572.757575758,6.09090909091,0.121212121212,28.9090909091,63.1818181818,7.87878787879,15.1515151515,22.3333333333,12.0,27.4545454545,14.8787878788,12.2121212121,6.33333333333,5.45454545455,17.4545454545
315,1426,502.28125,8.5625,0.09375,27.125,64.25,8.875,15.90625,22.6875,14.59375,28.78125,16.875,13.5625,7.0,2.71875,21.125
316,1427,1247.13333333,-13.0,0.0666666666667,24.6333333333,59.7666666667,6.96666666667,15.6666666667,22.3333333333,10.0333333333,23.1666666667,11.4,13.3,6.2,2.43333333333,22.0
317,1428,407.727272727,7.48484848485,0.121212121212,26.8484848485,55.4848484848,7.51515151515,15.2727272727,21.303030303,9.51515151515,27.3333333333,15.2727272727,12.1515151515,5.27272727273,4.21212121212,15.6666666667
318,1429,777.862068966,0.620689655172,0.0,25.6206896552,57.1379310345,8.41379310345,13.3793103448,19.1724137931,10.1034482759,25.0344827586,14.3793103448,11.9310344828,5.44827586207,2.41379310345,17.7586206897
319,1430,982.148148148,-6.0,0.0740740740741,25.1481481481,60.6296296296,8.55555555556,15.1851851852,20.9259259259,8.88888888889,26.7407407407,14.0,13.0740740741,5.62962962963,3.22222222222,21.3703703704
320,1431,673.1875,1.125,0.09375,27.0625,58.21875,6.875,15.8125,23.8125,8.78125,26.84375,15.5,12.5625,5.875,3.59375,20.40625
321,1433,478.558823529,9.91176470588,0.0588235294118,28.0294117647,62.2352941176,7.26470588235,13.8823529412,20.1176470588,12.5,24.8529411765,14.3529411765,11.4411764706,8.79411764706,3.82352941176,19.5588235294
322,1434,347.833333333,11.6333333333,0.0666666666667,25.8,59.1666666667,8.3,15.3666666667,21.1666666667,13.1333333333,28.7,13.6333333333,13.2666666667,6.76666666667,4.66666666667,20.3
323,1435,632.125,9.40625,0.0625,26.28125,57.0625,8.4375,15.75,22.53125,9.5,29.0625,14.9375,11.6875,4.3125,5.53125,19.125
324,1436,613.545454545,3.21212121212,0.0,26.7575757576,54.9090909091,6.69696969697,14.5151515152,20.4848484848,8.87878787879,25.9090909091,13.1818181818,13.2727272727,5.36363636364,4.30303030303,19.5454545455
325,1437,277.823529412,13.2647058824,0.0294117647059,26.6176470588,56.9411764706,8.55882352941,15.1764705882,19.5294117647,9.26470588235,26.3529411765,16.1470588235,11.1176470588,6.73529411765,3.41176470588,17.5294117647
326,1438,362.0,10.696969697,0.030303030303,25.7272727273,52.8181818182,6.0,12.9090909091,17.1212121212,8.9696969697,22.9090909091,14.3333333333,9.39393939394,5.48484848485,2.93939393939,16.3636363636
327,1439,655.787878788,2.48484848485,0.121212121212,24.7878787879,55.2121212121,5.78787878788,19.2121212121,27.4545454545,10.3636363636,24.2121212121,12.1818181818,12.8181818182,5.39393939394,3.42424242424,19.2121212121
328,1440,1139.37037037,-9.81481481481,0.037037037037,23.6296296296,59.2962962963,8.55555555556,11.3703703704,16.0,10.037037037,22.2962962963,10.4814814815,12.8518518519,6.07407407407,3.85185185185,19.5555555556
329,1441,850.866666667,-3.4,0.166666666667,24.4666666667,56.8333333333,6.93333333333,15.4333333333,21.8333333333,10.8333333333,23.4333333333,12.1666666667,14.3333333333,7.6,3.13333333333,20.8333333333
330,1442,1043.75,-4.875,0.0,24.5416666667,56.5416666667,6.70833333333,12.8333333333,18.0833333333,8.91666666667,25.8333333333,12.7083333333,12.5,5.375,3.25,21.125
331,1443,761.28125,-0.40625,0.15625,26.625,57.15625,6.75,15.9375,22.65625,11.46875,26.53125,13.21875,13.25,4.125,3.6875,18.09375
332,1444,944.533333333,-2.13333333333,0.2,24.1333333333,56.8666666667,5.83333333333,17.7666666667,24.9,11.2333333333,25.6666666667,11.4666666667,12.5333333333,5.46666666667,2.53333333333,20.0333333333
333,1447,515.903225806,5.96774193548,0.0322580645161,25.1935483871,58.8709677419,6.03225806452,13.6774193548,19.3548387097,13.6774193548,26.1290322581,13.4516129032,13.3225806452,6.83870967742,4.12903225806,21.8387096774
334,1448,962.548387097,-5.0,0.0645161290323,25.5806451613,58.1935483871,6.29032258065,16.5806451613,25.1290322581,12.1612903226,26.0967741935,14.0,14.5483870968,5.93548387097,4.45161290323,20.9677419355
335,1449,684.03125,3.59375,0.15625,28.1875,66.375,7.5,19.5,26.96875,13.8125,26.03125,14.4375,13.90625,7.65625,6.71875,24.03125
336,1450,1085.46666667,-7.46666666667,0.133333333333,25.9,57.0666666667,5.96666666667,12.6666666667,17.7666666667,7.93333333333,25.9,13.6666666667,14.1,4.9,4.43333333333,20.0
337,1451,431.161290323,6.06451612903,0.129032258065,24.935483871,52.7096774194,8.0,16.6451612903,24.5806451613,8.38709677419,28.4516129032,13.0,13.7419354839,4.67741935484,3.32258064516,18.0967741935
338,1452,405.617647059,12.5882352941,0.0588235294118,27.2647058824,60.2941176471,6.05882352941,18.6176470588,27.7941176471,15.9117647059,23.2647058824,14.7647058824,14.0,9.94117647059,2.52941176471,23.3823529412
339,1453,581.96969697,2.69696969697,0.0909090909091,29.0,65.2727272727,7.09090909091,18.1212121212,27.5757575758,12.8484848485,25.7575757576,13.8787878788,12.0909090909,9.27272727273,4.60606060606,19.8181818182
340,1454,656.258064516,4.90322580645,0.161290322581,25.6774193548,57.4193548387,9.29032258065,17.0322580645,21.9677419355,9.41935483871,25.7741935484,16.4838709677,10.935483871,4.25806451613,2.51612903226,17.2903225806
341,1455,432.870967742,13.7096774194,0.0645161290323,25.064516129,57.9032258065,7.32258064516,15.6774193548,21.9032258065,11.6129032258,25.8709677419,14.3225806452,9.83870967742,7.25806451613,3.58064516129,20.2258064516
342,1456,601.275862069,4.27586206897,0.0689655172414,26.7931034483,55.8620689655,7.72413793103,14.724137931,20.4482758621,8.1724137931,27.6896551724,15.8620689655,10.8620689655,5.34482758621,4.0,16.7586206897
343,1457,509.586206897,4.27586206897,0.0,26.8965517241,57.6896551724,8.68965517241,17.7931034483,23.6896551724,8.89655172414,27.1379310345,11.3103448276,12.9655172414,5.20689655172,5.24137931034,19.1034482759
344,1458,592.78125,4.3125,0.0625,23.46875,54.625,6.59375,15.34375,21.6875,11.4375,23.46875,11.59375,10.96875,5.875,3.1875,16.9375
345,1459,861.6,-1.4,0.1,23.4333333333,53.4,8.36666666667,15.4666666667,20.5,8.43333333333,22.9,14.2,12.0333333333,5.16666666667,1.6,19.4666666667
346,1460,619.666666667,1.93939393939,0.030303030303,24.303030303,54.6666666667,7.57575757576,12.4545454545,18.0303030303,6.30303030303,24.5757575758,13.5454545455,11.2424242424,5.57575757576,1.9696969697,22.0909090909
347,1461,905.966666667,-2.1,0.1,21.9666666667,50.3666666667,9.9,16.5,23.1,5.76666666667,24.7666666667,11.8333333333,11.4,3.93333333333,2.66666666667,18.8666666667
348,1462,298.65625,10.3125,0.0,27.375,60.5625,7.59375,19.0,26.0,13.0625,27.9375,16.375,12.75,7.3125,3.0625,20.1875
349,1463,385.962962963,10.962962963,0.037037037037,26.1851851852,56.037037037,6.40740740741,15.7037037037,23.5555555556,13.4814814815,26.8148148148,15.0740740741,13.4814814815,5.59259259259,4.51851851852,17.962962963
350,1464,1050.56666667,-10.0,0.166666666667,26.9666666667,63.4,8.23333333333,13.4666666667,18.8666666667,8.76666666667,24.7333333333,14.3333333333,11.7333333333,6.0,2.53333333333,18.4
