team,avg_score,avg_diff,avg_numot,avg_fgm,avg_fga,avg_fgm3,avg_ftm,avg_fta,avg_or,avg_dr,avg_ast,avg_to,avg_stl,avg_blk,avg_pf
1101,760.0740741,-6.407407407,0.074074074,23.81481481,53.92592593,6.851851852,15.37037037,21.74074074,8.185185185,22.51851852,12.88888889,13.40740741,6.740740741,2.444444444,22.37037037
1102,689.5333333,-6.166666667,0.133333333,23.23333333,55.03333333,6.3,14.66666667,21.76666667,8.8,25.5,13.03333333,13.2,6.1,1.666666667,19.33333333
1103,327.2424242,7.272727273,0,25.93939394,59.81818182,11.78787879,12.66666667,18.36363636,10.3030303,26.12121212,14.51515152,10.81818182,5.333333333,3.848484848,17.84848485
1104,523,-0.96875,0.0625,22.53125,52.8125,7.84375,13.9375,21.78125,9.78125,24.875,10.5625,13.3125,5.625,5.28125,19.3125
1105,736.3214286,-2.642857143,0.107142857,23.25,56.17857143,5.892857143,14.71428571,21.57142857,11.39285714,23.03571429,12.64285714,11.75,5.607142857,2.142857143,19.35714286
1106,678.4137931,-3.724137931,0.137931034,24.79310345,62.10344828,6.931034483,13.55172414,19.55172414,12.68965517,24.5862069,11.82758621,12.06896552,5.724137931,3.793103448,21.34482759
1107,343.2258065,8.903225806,0.064516129,25.19354839,55.25806452,5.709677419,18.51612903,24.70967742,11.70967742,26.51612903,12.4516129,12.70967742,6.483870968,1.580645161,17.58064516
1108,627.5,-6.107142857,0.178571429,22.85714286,56.64285714,6,14.85714286,21.75,12.89285714,23.17857143,9.071428571,14.35714286,4.464285714,3.892857143,18.42857143
1110,705.8709677,-8.096774194,0.064516129,20.35483871,47.96774194,6.290322581,10.58064516,15.19354839,7.032258065,21.16129032,11.22580645,13.80645161,5.677419355,2.225806452,18.29032258
1111,810.6774194,-6.806451613,0,23.19354839,57.90322581,8.258064516,15.90322581,22.61290323,12.67741935,24.09677419,11.5483871,14.90322581,4.096774194,3.322580645,21.51612903
1112,331.9090909,12.21212121,0.181818182,28.06060606,58.24242424,6.515151515,18.57575758,25.6969697,11.63636364,28.60606061,14.51515152,12.81818182,4.909090909,4.787878788,18.21212121
1113,627.9375,-0.6875,0.0625,24.875,59.96875,7.9375,15.59375,22.6875,12.3125,24.46875,12.65625,12,5.3125,2.6875,20.4375
1114,205,9.935483871,0.032258065,25.03225806,54.77419355,7.35483871,12.58064516,17.12903226,8.709677419,24.19354839,12.90322581,10.22580645,6.290322581,3.064516129,18.25806452
1115,859.6363636,-13.78787879,0.03030303,20.42424242,52.18181818,6.121212121,9.606060606,15.72727273,9.757575758,20.66666667,9.606060606,15.63636364,7.121212121,3.757575758,21.93939394
1116,600.84375,3.46875,0.15625,27.59375,62.25,6.75,16.21875,23.375,11.6875,25.375,16.25,11.15625,7.40625,5.15625,21.46875
1117,794.3793103,-5.103448276,0.137931034,24.44827586,59.75862069,5.862068966,17.55172414,23.96551724,10.79310345,28.89655172,12.03448276,13.24137931,4.724137931,4.379310345,19.82758621
1119,516.516129,1.290322581,0.193548387,26.87096774,63.03225806,8.935483871,14.12903226,20.32258065,12.22580645,28.5483871,15.19354839,13.74193548,4.838709677,3.612903226,19.19354839
1120,753,-7.387096774,0.032258065,23.35483871,58.67741935,8.774193548,15.22580645,24.09677419,11.16129032,25.41935484,11.35483871,13.80645161,5.35483871,4.064516129,21.29032258
1122,618.4242424,-2.363636364,0.121212121,25.57575758,55.66666667,6.212121212,17.36363636,25.90909091,11.09090909,24.78787879,12.87878788,14.54545455,6.909090909,2.757575758,17.63636364
1123,513.6774194,3.193548387,0.096774194,24.09677419,54.22580645,8.516129032,13,19.06451613,9.161290323,26.70967742,14.48387097,13.22580645,5.322580645,3.709677419,19.25806452
1124,440.09375,6.6875,0.09375,26.8125,57.875,6.1875,16.5,22.6875,13.5625,23.21875,17.09375,12.8125,7.71875,3.96875,19.40625
1125,467.3333333,3.7,0.033333333,28.73333333,58.06666667,10.53333333,14.46666667,20.03333333,8.6,26,17.33333333,14.16666667,4.5,2.333333333,20.1
1126,705.2333333,-5.166666667,0.1,24.4,59.96666667,7.666666667,12.6,18.56666667,12.43333333,24.2,11.06666667,12.8,5.566666667,6.1,18.96666667
1127,845.4333333,-7.733333333,0.033333333,20.96666667,53.8,5.7,13.26666667,19.46666667,9.1,24.93333333,11.1,13.96666667,5.366666667,2.266666667,18.6
1129,499.1,4.1,0.066666667,25.7,57.46666667,7.966666667,16.63333333,23.5,9.366666667,24.46666667,13.06666667,11.6,6.3,2.033333333,19.8
1130,899.125,-9.28125,0.03125,22.40625,54.71875,7.21875,9.1875,14.125,7.59375,23.5625,12.8125,13.46875,5.65625,2.90625,18.09375
1131,552.0967742,-0.193548387,0.225806452,25.16129032,55.64516129,7.741935484,14.70967742,20.61290323,8.967741935,26.80645161,13.06451613,13.67741935,5.709677419,3.838709677,19.19354839
1132,670.3125,-4.03125,0,24.40625,55.8125,5.71875,14.75,22.375,9.9375,25.8125,11.09375,12.78125,5.96875,3.25,19.46875
1133,994.6774194,-14.61290323,0.064516129,18.93548387,50.06451613,5.161290323,12.83870968,19.19354839,8.64516129,25.19354839,9.129032258,17.22580645,4.387096774,2.677419355,23.41935484
1135,861.8148148,-5.222222222,0.148148148,24.92592593,57.74074074,8.074074074,15.07407407,21.33333333,9.296296296,26.55555556,14.7037037,13.51851852,5.296296296,4.074074074,19.48148148
1136,888.8333333,-11.86666667,0.066666667,24.16666667,57.66666667,6.233333333,9.966666667,15.53333333,9.6,24.06666667,13.46666667,13.73333333,5.633333333,2.7,19.13333333
1137,554.7241379,4.275862069,0.172413793,26.24137931,57.34482759,7.275862069,18.20689655,25.4137931,10.44827586,25.96551724,15.37931034,13.75862069,6.482758621,3.137931034,21.5862069
1138,530.4848485,0.666666667,0.060606061,25.81818182,59.45454545,7.363636364,17.60606061,24.81818182,12.09090909,26.72727273,12.54545455,13.81818182,6.727272727,3.484848485,21.27272727
1139,426.8064516,9.419354839,0.032258065,28,60.12903226,7.096774194,17.48387097,23.90322581,11.41935484,25,14.35483871,10.22580645,6.774193548,3.35483871,19.90322581
1140,416,10.46875,0.03125,29.3125,64.03125,8.96875,15.5625,22.5,12.125,28.71875,16.25,11.625,6.59375,4.1875,18.90625
1141,627.5517241,0.75862069,0.034482759,25.86206897,59.4137931,9.620689655,13.34482759,18.20689655,9.689655172,24.34482759,13.17241379,9.172413793,4.724137931,2.482758621,19.03448276
1142,838.5357143,-4.392857143,0.142857143,24.78571429,59.96428571,8,14.39285714,21.10714286,11.60714286,24.17857143,13.85714286,10.42857143,5.357142857,3.214285714,20.75
1143,400.8181818,8.090909091,0.090909091,26.27272727,57,7.060606061,15.51515152,23.63636364,11.33333333,28.63636364,12.96969697,12.21212121,4.121212121,4.818181818,20.66666667
1144,790.1851852,-4.407407407,0.037037037,23.92592593,55.33333333,6.925925926,16.44444444,22.88888889,7.703703704,23.2962963,10.48148148,11.44444444,6.592592593,2.296296296,19.62962963
1145,694.4242424,-1.848484848,0.212121212,25.60606061,61.03030303,8.636363636,16.6969697,22.54545455,11.90909091,21.90909091,14.12121212,11.21212121,6.03030303,2.666666667,19.51515152
1146,883.7857143,-8.357142857,0,26.21428571,59.17857143,6.607142857,16.32142857,24.78571429,11.82142857,25.46428571,13.21428571,14.53571429,5.428571429,3.714285714,20.53571429
1148,1000.068966,-13.10344828,0.103448276,23.51724138,58.72413793,5.655172414,12.4137931,18.27586207,11.55172414,24.65517241,11.75862069,13.86206897,4.379310345,3.689655172,17.4137931
1149,910,-8.333333333,0.074074074,24.85185185,58.66666667,8.962962963,9.851851852,16.07407407,9.222222222,24.33333333,11.85185185,12.44444444,4.740740741,1.925925926,19.44444444
1150,700.9393939,-1.424242424,0.121212121,27.87878788,62.60606061,8.060606061,14.48484848,20.75757576,11.33333333,24.90909091,14.57575758,12,6.181818182,2.212121212,17.81818182
1151,245.34375,7.6875,0.0625,25.09375,55.6875,7.46875,17.125,23.375,10.9375,24.5,13.96875,12.1875,7.34375,4.75,17.4375
1152,1114.931034,-16.13793103,0,22.17241379,60.4137931,7.068965517,11.24137931,17,12.17241379,22.96551724,10.62068966,14.37931034,6.586206897,2.862068966,21.68965517
1153,412.1875,10.3125,0.21875,25.71875,60.15625,7.5625,14.1875,20.15625,13.5,25.875,15.46875,11.0625,7.9375,5.8125,15.625
1154,897.3448276,-11.20689655,0.034482759,28.17241379,69.24137931,11.06896552,15.72413793,21.48275862,11.96551724,23.31034483,14.5862069,13.75862069,8.172413793,3.24137931,24.20689655
1155,561.2580645,5.161290323,0.064516129,24.29032258,55.64516129,7.677419355,13.38709677,18.51612903,10.32258065,24.25806452,13.25806452,10.16129032,5.774193548,5.225806452,16.51612903
1156,901.3,-9.266666667,0.033333333,21.73333333,54.4,5.266666667,11.53333333,16.8,10.3,22.23333333,9.966666667,14.46666667,5.966666667,2.6,21.36666667
1157,532.5769231,2.730769231,0.038461538,25.15384615,56.46153846,6.961538462,13.84615385,20.69230769,10.73076923,27.38461538,11.38461538,12.88461538,5.538461538,3.115384615,18.26923077
1158,576.4,2.333333333,0.066666667,23.03333333,55.43333333,6.466666667,12.1,18.16666667,10.93333333,24.1,11.4,12.76666667,7.1,2.333333333,20.23333333
1159,710.862069,-2.551724138,0.137931034,24.62068966,55.13793103,8.655172414,11.17241379,16.48275862,8.965517241,22.24137931,13,12.24137931,6.068965517,2.206896552,19.44827586
1160,452.3125,4.75,0.0625,25.15625,59.71875,7.53125,17.59375,23.875,13.09375,29.21875,13.46875,13.46875,5.1875,5.03125,18.71875
1161,623.34375,0.78125,0.25,25.5,60.65625,9.5,18.4375,25.6875,12.84375,27.09375,13.09375,11.65625,3.71875,2.375,19.625
1162,449.8965517,4.931034483,0.103448276,24.89655172,55.27586207,9.310344828,15.34482759,21.13793103,9.310344828,24,14.03448276,10.5862069,6.275862069,3.172413793,19.06896552
1163,397.4411765,10.32352941,0.117647059,26.47058824,57.61764706,7.029411765,13.44117647,17.08823529,9.470588235,27.05882353,13.85294118,11.11764706,5.705882353,5.029411765,18
1164,901.5172414,-9.689655172,0.275862069,23.62068966,62.31034483,7.793103448,16.27586207,23.20689655,12.82758621,24.27586207,11.24137931,13.03448276,5.448275862,2.965517241,21.5862069
1165,803.3703704,-8.518518519,0.074074074,25,59.92592593,8.333333333,12.62962963,19.33333333,8.62962963,23.2962963,10.62962963,13.11111111,7.555555556,3.666666667,20.33333333
1166,559.5625,6.53125,0,27.875,59.5,8.1875,15.625,22.25,9.3125,27.25,15.34375,11.5,6.09375,3.125,19.03125
1167,376.4827586,8.482758621,0.068965517,25.89655172,58,5.413793103,14.55172414,22.34482759,12.27586207,25.72413793,14.96551724,12.4137931,7.724137931,5.068965517,21.48275862
1168,855.25,-6.357142857,0.035714286,22.89285714,56.35714286,6.464285714,17.07142857,24.64285714,11.07142857,25.28571429,9.821428571,13.35714286,4.892857143,1.392857143,20.96428571
1169,857.1785714,-6,0.178571429,24.71428571,57.64285714,4.321428571,17.39285714,24.25,10.17857143,25.57142857,13.89285714,14.14285714,6.678571429,3.214285714,20.67857143
1170,716.5172414,-3.310344828,0.034482759,25.06896552,57.51724138,6.620689655,13.44827586,20.06896552,9.586206897,25.34482759,13.48275862,11.62068966,5.620689655,3.862068966,20.65517241
1171,806.2222222,-2.296296296,0.074074074,24.07407407,56.55555556,5.592592593,15.55555556,21.62962963,11.74074074,23.25925926,12.55555556,14.37037037,6.740740741,1.666666667,20.40740741
1172,505.8709677,0.935483871,0.032258065,27.12903226,61.25806452,9.483870968,15.32258065,20.09677419,9.419354839,25.5483871,14.90322581,10.06451613,4.580645161,3.161290323,17.35483871
1173,315.28125,7.375,0.09375,25.5625,55.625,6.71875,15.34375,22.8125,9.90625,28.75,14.6875,13.0625,5.90625,4.4375,19.0625
1174,915.8333333,-9.466666667,0.033333333,22.3,55.46666667,5.6,16,23.36666667,11,26.73333333,10.63333333,12,3.6,2.9,17.9
1175,990.5333333,-14.03333333,0.066666667,21.56666667,55.93333333,6.966666667,9.933333333,16.3,10.26666667,21.63333333,10.96666667,14.23333333,5.233333333,2.766666667,19.93333333
1176,605.8387097,-0.096774194,0,22.22580645,46.74193548,7.580645161,13.16129032,17.09677419,5.419354839,19.77419355,14.29032258,13.03225806,6.387096774,2.290322581,19.19354839
1177,857.9354839,-7.516129032,0.032258065,24.25806452,54.5483871,5.419354839,13.5483871,19.93548387,10.22580645,23.93548387,11.80645161,14.77419355,4.838709677,3.064516129,22.12903226
1178,650.0344828,-1.620689655,0.034482759,28.5862069,62.31034483,7.517241379,17.55172414,25.20689655,12.20689655,24.82758621,12.68965517,13.44827586,6.724137931,4.103448276,22.93103448
1179,958.8333333,-6.066666667,0.1,23.3,52.86666667,6.966666667,12.96666667,17.76666667,8.2,24.93333333,11.96666667,13.63333333,3.633333333,2,18.03333333
1180,956.8333333,-7.3,0.033333333,21.76666667,55.3,5.466666667,14.1,20.4,10.23333333,22.2,12.2,11.06666667,4.6,3.3,21.66666667
1181,418.1212121,9.393939394,0.060606061,27.42424242,59.75757576,9.272727273,17.33333333,24,12.24242424,24.09090909,13.48484848,9.878787879,6.393939394,4.181818182,16.63636364
1182,650.6129032,0.129032258,0.064516129,27.61290323,60.64516129,9.516129032,13.19354839,19.25806452,10.16129032,28.80645161,15.4516129,13.96774194,4.806451613,3.870967742,20.38709677
1183,749.1785714,-4.821428571,0.142857143,24.82142857,57.35714286,7.571428571,13,19.78571429,9.857142857,22.96428571,13.32142857,12.5,5.892857143,2.107142857,20.14285714
1184,672.9666667,0.333333333,0,27.43333333,56.36666667,8.3,16.7,22.73333333,8.766666667,23.23333333,15.46666667,14.83333333,6.8,3.1,21.63333333
1185,651.4827586,-1.379310345,0.068965517,25.68965517,58.68965517,5.896551724,18.62068966,25.51724138,11.31034483,23.34482759,10.93103448,12.5862069,8.896551724,3.517241379,21.31034483
1186,635.9,1.933333333,0,27.56666667,57.3,10.1,14.43333333,21.06666667,9,23.3,12.46666667,11.53333333,5.4,3.7,19.6
1187,770.75,-3.59375,0.15625,23.78125,55.9375,7.25,13.5,19.375,10,24.28125,15.1875,13.25,5.71875,2,16.75
1188,949.1428571,-8.178571429,0.071428571,22.64285714,56.82142857,5.642857143,14.75,20.96428571,12.10714286,23.57142857,10.82142857,13.46428571,4.928571429,4,22.10714286
1189,672.1,-1.333333333,0.033333333,26.6,60.26666667,9.233333333,12.2,18.3,10.16666667,26.43333333,14.93333333,12.7,5.1,2.2,19.43333333
1190,461.71875,1.40625,0.09375,26.8125,58.15625,8.0625,14.53125,20.6875,10.0625,24.625,12.25,12.6875,6.5,3.5625,20.21875
1191,382.030303,8.484848485,0.060606061,25.66666667,52.54545455,4.757575758,17.90909091,24.66666667,7.515151515,27.78787879,17.36363636,12.60606061,5.181818182,4.393939394,17.66666667
1192,583.5806452,-1.677419355,0.096774194,27.67741935,60.64516129,7.258064516,14.22580645,20.35483871,10.5483871,22.58064516,14.09677419,13,7.35483871,2.516129032,21.58064516
1193,534.0625,-0.25,0.15625,26.6875,60.15625,9.03125,14.46875,19.6875,9.09375,25.6875,15.5625,13.15625,6.46875,4.125,19.15625
1194,941.3225806,-8.580645161,0.032258065,22.83870968,56.48387097,7.096774194,13.19354839,18.22580645,8.419354839,23.90322581,11.83870968,12.12903226,5.258064516,4.258064516,19.32258065
1195,580.4137931,2.724137931,0.24137931,28.20689655,60.06896552,5.068965517,14.10344828,21.86206897,11.44827586,27.96551724,12.89655172,12,6.137931034,4.034482759,19.62068966
1196,552.5454545,5.03030303,0.03030303,25.39393939,60.21212121,6.939393939,15.87878788,24.6969697,13.15151515,26.96969697,13.06060606,11.42424242,6.333333333,4.454545455,19.60606061
1197,947.6666667,-11.07407407,0.222222222,21.55555556,54.59259259,5.814814815,13.66666667,23.18518519,9.703703704,24.48148148,10.77777778,16.22222222,6.407407407,2.185185185,19.40740741
1198,786.0666667,-0.433333333,0.133333333,26.1,55.76666667,5.766666667,13.33333333,19.83333333,10.33333333,26.86666667,11.9,13.13333333,4.8,4.566666667,19.1
1199,535.40625,4.3125,0.03125,27.9375,59.96875,6.6875,15.53125,22.53125,11.46875,25.4375,13.28125,13.0625,7.1875,4.125,19.46875
1200,580.9655172,2.137931034,0.103448276,25.10344828,56.44827586,7.75862069,13.20689655,19.24137931,10.4137931,24.10344828,15.44827586,13.86206897,8.310344828,3.793103448,19.86206897
1201,393.3125,3.46875,0.125,26.125,60.6875,6.28125,16.09375,23.125,11.4375,25.59375,13.0625,10.625,8.15625,3.71875,22.25
1202,620.1612903,1.677419355,0,23.35483871,52,6.935483871,16.16129032,22.93548387,10.22580645,23.93548387,11.51612903,13.29032258,5.870967742,3.225806452,18.35483871
1203,418.969697,6.515151515,0.060606061,25.48484848,57.45454545,6.939393939,17.33333333,22.90909091,11.84848485,26.03030303,14.03030303,11.33333333,6,3.333333333,16.42424242
1204,738.5517241,-2.517241379,0.068965517,24.27586207,60.37931034,8.827586207,16.17241379,22.79310345,11.68965517,23.4137931,10.37931034,11.44827586,6.724137931,2.344827586,22.31034483
1205,677.7333333,-2.966666667,0.1,24.76666667,60.43333333,8.1,13.8,21.1,12.6,24.6,11.86666667,13.13333333,7.166666667,3.033333333,20.36666667
1206,816.53125,-5.40625,0.0625,23.9375,59,5.375,13.625,20.3125,13.09375,29.375,10.25,12.71875,2.875,3.71875,17.875
1207,693.2727273,1.818181818,0.090909091,24.84848485,56.3030303,7.909090909,16.03030303,21.33333333,9.575757576,26.21212121,14.90909091,13.39393939,5.454545455,4.424242424,22.87878788
1208,533.21875,1.09375,0.0625,23.25,55.3125,6.40625,17.1875,24.46875,11.65625,27.53125,12.375,13.4375,4.875,5.21875,20.9375
1209,638.5,-0.607142857,0.142857143,23.14285714,52.85714286,5,13.75,19.82142857,8,22.67857143,11.60714286,11.92857143,6.535714286,2.964285714,19.32142857
1210,559.0606061,2.181818182,0.03030303,26.72727273,60.03030303,5.818181818,13.96969697,19.42424242,13.24242424,25.78787879,13.42424242,11.12121212,4.545454545,4.212121212,18
1211,330.5625,12.75,0.03125,28,57.6875,7.78125,15.71875,20.6875,10.46875,28.90625,13.875,11.34375,5,3,17.59375
1212,1049.428571,-11.14285714,0.071428571,19.89285714,51.07142857,4.928571429,14.60714286,22.5,8.785714286,22.82142857,8.571428571,14.82142857,6.25,1.785714286,20.42857143
1213,312.9655172,7.344827586,0.034482759,26.20689655,58.48275862,6.172413793,17.20689655,24.48275862,11.68965517,26.44827586,14.55172414,12,5.896551724,2.413793103,18.5862069
1214,457.2,0.9,0.166666667,25.73333333,61.56666667,6.6,16.9,25.83333333,14.06666667,27.23333333,12.26666667,13.86666667,5.233333333,3.666666667,20.46666667
1216,896.75,-8.59375,0.15625,23.53125,57.625,9.5,14.28125,19.09375,6.90625,23.125,12.09375,11.65625,6.5,1.96875,21.5
1217,727.3928571,-0.714285714,0.035714286,24.57142857,54.57142857,7.428571429,10.17857143,17.21428571,10.03571429,26.25,15.17857143,14.53571429,4.821428571,5.071428571,18.10714286
1218,268.0666667,10.8,0.033333333,25.93333333,56.46666667,7.333333333,17.93333333,26.13333333,10.43333333,26.93333333,15.63333333,13.16666667,7.733333333,3.9,20.46666667
1219,486.0714286,4.642857143,0.071428571,27.03571429,57.46428571,5.75,15.42857143,20.21428571,10.60714286,22.67857143,14.60714286,10.67857143,7.5,2.714285714,17.78571429
1220,400.65625,4.4375,0.1875,26.5625,60.25,8.5,16.65625,24.125,11.875,27.0625,14.8125,11.65625,6.125,3.21875,15.96875
1221,732.9393939,-4.333333333,0.151515152,22.33333333,54.09090909,7.151515152,13.51515152,19.51515152,8.151515152,21.96969697,13.90909091,10.96969697,6.454545455,2.515151515,16.81818182
1222,414.0967742,9,0.161290323,28.12903226,60.25806452,6.870967742,14.74193548,20.96774194,12.96774194,25,12.96774194,10.48387097,6,3.870967742,19.22580645
1223,709.8275862,-5.172413793,0,24.5862069,54.17241379,5.75862069,18.06896552,24.82758621,9.931034483,24.86206897,12.75862069,14.93103448,4.827586207,3.24137931,19.55172414
1224,841.5333333,-6.1,0.133333333,22.83333333,57.36666667,4.4,20.16666667,27.8,12.46666667,24.83333333,8.033333333,14.8,6.1,2.933333333,19.63333333
1225,517.516129,0.741935484,0.032258065,22.48387097,52.19354839,6,16.61290323,23.48387097,11.35483871,25.5483871,11.38709677,15.38709677,5.032258065,2.709677419,22.06451613
1226,672.4137931,-3,0,24.62068966,56.82758621,7.620689655,15.93103448,21.86206897,8.862068966,25.75862069,11.86206897,13.10344828,7.172413793,2.655172414,18.75862069
1227,1103.214286,-13.71428571,0.142857143,22.57142857,59.57142857,4.357142857,15.92857143,25.75,13.39285714,27.21428571,10.78571429,15.57142857,5.5,5.214285714,21.75
1228,721.9411765,-2.647058824,0.205882353,25.32352941,58.61764706,8.147058824,13.32352941,17.85294118,7.588235294,24.05882353,13.58823529,10.5,5.852941176,1.911764706,17.23529412
1229,592.9032258,0.806451613,0.032258065,23.77419355,57.67741935,7.419354839,12,17.80645161,10.93548387,24.4516129,12.48387097,12.5483871,6.516129032,3.516129032,19.77419355
1230,584.6,-3,0.04,23.8,56,8.32,15.32,19.88,7.8,24.4,14.08,12.44,6.2,2.36,18.64
1231,335.90625,13.375,0.03125,29.1875,58.25,9.875,14.03125,19.40625,12.03125,25.34375,15.96875,13.65625,6.9375,3.96875,18.1875
1232,708.3225806,-2.161290323,0.096774194,22.29032258,57.16129032,6.483870968,16.51612903,23.70967742,10.67741935,26.93548387,10.74193548,13.19354839,5.741935484,2.612903226,21.61290323
1233,440.78125,5.9375,0.03125,27.75,60.84375,10,14.09375,19.78125,10.59375,26.3125,16.84375,12.78125,7.5625,4.125,19.4375
1234,453.2903226,9.387096774,0.032258065,27.58064516,61.22580645,8.225806452,14.70967742,20.4516129,11.90322581,26.48387097,16,10.41935484,6.806451613,4.838709677,16.25806452
1235,478.4375,6.875,0.09375,31.1875,62.1875,8.28125,11.1875,15.84375,9.09375,26.96875,16.53125,11.5625,6.15625,4.21875,15.53125
1236,417.7096774,2.483870968,0.064516129,26.90322581,58.83870968,10.41935484,14.32258065,19.96774194,9.935483871,26,14.64516129,12.06451613,5.225806452,3.258064516,17.35483871
1237,787.8387097,-5.967741935,0.064516129,24.35483871,58.06451613,5.741935484,13.12903226,18.51612903,10.06451613,24.29032258,10.87096774,13.25806452,6.64516129,2.35483871,20.48387097
1238,618,1.125,0.125,24.4375,61.09375,6.375,11.96875,19.03125,13.4375,25.90625,12.09375,12.34375,7.5625,3.5625,21.625
1239,741.7857143,-3.25,0.071428571,26.67857143,62.25,8.464285714,13,19.53571429,10.60714286,26.64285714,12,11.21428571,6.071428571,2.428571429,19.03571429
1240,999.0689655,-6.310344828,0.034482759,22.68965517,57.10344828,7.896551724,13.03448276,17.65517241,9.862068966,21.48275862,11.62068966,10.82758621,4.931034483,2.896551724,19.89655172
1241,489.516129,5.677419355,0.161290323,25.5483871,57.74193548,8.483870968,14.58064516,21.35483871,10.64516129,28.48387097,12.32258065,11.83870968,4.322580645,2.870967742,19.19354839
1242,222.5151515,12.6969697,0.121212121,28.15151515,57.60606061,8.121212121,15.87878788,22.48484848,10.54545455,26.78787879,15.45454545,12.54545455,6.757575758,4,18.90909091
1243,641.3333333,2.515151515,0.151515152,24.39393939,56.84848485,5.303030303,16.63636364,24.18181818,13.24242424,23.21212121,13.87878788,13.93939394,7.545454545,2.757575758,19.96969697
1244,883.5517241,-6.965517241,0.034482759,25.82758621,59,5.827586207,13.79310345,19.79310345,10.34482759,22.93103448,11.93103448,13.10344828,6.862068966,3.137931034,20
1245,566.5806452,-0.064516129,0.064516129,25.61290323,58.12903226,5.774193548,15.80645161,23.22580645,12.5483871,24.77419355,11.51612903,11.96774194,5.032258065,3.451612903,18.38709677
1246,355.7647059,11.41176471,0.088235294,28.55882353,59.67647059,6.941176471,15.61764706,22.85294118,12.88235294,25.70588235,14.41176471,11,5.617647059,5.647058824,20.47058824
1247,934.6666667,-10.73333333,0,21.96666667,54.8,8.3,11.3,16.93333333,8.8,21.56666667,12.56666667,12.56666667,6.666666667,2.866666667,17.26666667
1248,1014.7,-9,0.366666667,25.26666667,58.03333333,8.166666667,12.7,18.36666667,8.066666667,23.8,13.86666667,13.03333333,5.7,2.3,19.6
1249,934.5384615,-5.923076923,0,24.88461538,59.26923077,6.461538462,16.80769231,25.26923077,13.07692308,24.23076923,13.5,15,6.769230769,3.461538462,23.46153846
1250,643.8064516,0.774193548,0,25.16129032,55.41935484,7.387096774,12.74193548,17.5483871,9.483870968,24.29032258,14.70967742,12.93548387,6.677419355,3.064516129,17.35483871
1251,843.6896552,-6.689655172,0,22.44827586,50.62068966,8.827586207,9.379310345,12.89655172,6.310344828,22.06896552,12.55172414,13.65517241,5.137931034,1.275862069,20
1252,875.2903226,-5.032258065,0.129032258,26.61290323,61.16129032,9.741935484,14.80645161,21.22580645,10.16129032,26.12903226,16.32258065,14,6.483870968,2.806451613,19.06451613
1253,590.03125,-0.34375,0.09375,24.84375,58.46875,8.1875,15.03125,21.96875,10.34375,24.8125,15,12.28125,6.34375,2.5,20.53125
1254,648.0645161,-0.774193548,0.096774194,26.22580645,60.80645161,5.774193548,17.96774194,25.16129032,12.4516129,25.4516129,13.93548387,13.61290323,7.677419355,2.806451613,21.03225806
1255,980.3333333,-6.266666667,0.066666667,25.53333333,57.1,6.8,13.76666667,19.56666667,10.36666667,24.93333333,12.36666667,14.43333333,6.1,2.466666667,19.2
1256,434.7,4.633333333,0.166666667,27.23333333,59.73333333,7.033333333,17.3,25.7,10.83333333,26.73333333,13.63333333,12.46666667,7.033333333,4.166666667,18.4
1257,383.516129,13.83870968,0,27.93548387,59.58064516,6,13.09677419,18.96774194,13.38709677,24.77419355,13.51612903,11.38709677,7.161290323,4.806451613,19.25806452
1258,747.2333333,-4.5,0.166666667,25.43333333,61.23333333,7.266666667,12.6,17.36666667,11.03333333,22.46666667,15.3,11.26666667,6.7,2.833333333,20.5
1259,904.1,-5.666666667,0.2,24.4,56.73333333,5.366666667,15.5,21.76666667,11.13333333,24,11.23333333,13.06666667,5.4,3.4,21.63333333
1260,722.3870968,-1.806451613,0.096774194,22.4516129,52.93548387,6.193548387,12.61290323,17.19354839,7.419354839,22.5483871,11.61290323,12.48387097,5.741935484,2.774193548,18.38709677
1261,584.4242424,1.787878788,0.060606061,27.72727273,60.3030303,6.151515152,17.24242424,25.93939394,11.15151515,26.12121212,15.36363636,11.93939394,7.96969697,2.727272727,18.48484848
1262,843.1428571,-7.428571429,0.071428571,27.10714286,58.25,8.25,13.14285714,19.35714286,8.607142857,23.82142857,14.32142857,15.92857143,6.892857143,2.392857143,20.85714286
1263,950.3333333,-10.9,0.1,27.5,63.63333333,7.6,13.36666667,20.36666667,11.23333333,23.9,14.43333333,16.36666667,8.3,3,21.3
1264,766.0967742,-4.35483871,0.096774194,22.83870968,53.03225806,7.483870968,15.64516129,21.12903226,7.806451613,21.74193548,14.06451613,14.25806452,7.677419355,2.290322581,21.67741935
1265,988.5666667,-7.166666667,0.133333333,24.1,57.1,8.266666667,15.03333333,20.5,8.7,23.8,11.66666667,12.13333333,4.6,2.7,19.56666667
1266,547.8787879,2.090909091,0.121212121,26.78787879,57.21212121,5.878787879,16.81818182,23.15151515,9.424242424,26.33333333,16.15151515,14.6969697,7.818181818,4.151515152,18.81818182
1267,661.6666667,1.121212121,0.060606061,30.81818182,66.15151515,10.06060606,14.3030303,20.63636364,10.33333333,26.93939394,16.78787879,12.84848485,6.848484848,3.121212121,19.33333333
1268,375.8125,9.125,0.03125,26.5,54.59375,7.75,14.78125,19.4375,9.21875,26.15625,14.0625,12.84375,5.75,5.375,16.625
1269,749.0625,-2.3125,0.125,25.53125,59.46875,7.3125,15.15625,21.6875,9.59375,26.0625,13.84375,12.78125,6.46875,3.53125,20.875
1270,949.0769231,-8.5,0.192307692,24.65384615,60.42307692,7.038461538,15.03846154,21.84615385,11,24.76923077,11.03846154,12.80769231,5.615384615,4.076923077,20.15384615
1271,924.1612903,-8.064516129,0.096774194,23.12903226,53.32258065,6.193548387,14.09677419,19.87096774,10.38709677,22.64516129,12.12903226,15.70967742,5.741935484,2.225806452,21.64516129
1272,605.8235294,6.264705882,0.058823529,25.79411765,62.47058824,6.058823529,18.91176471,26.17647059,12.82352941,27.61764706,15,12.14705882,7.676470588,5.441176471,20.02941176
1273,615.516129,1.741935484,0.193548387,25.51612903,57.19354839,6.387096774,13.90322581,18.87096774,12.58064516,26.74193548,14.38709677,12.77419355,4.935483871,2.322580645,17.51612903
1274,339.625,8.8125,0.03125,26.15625,54.875,6.84375,16.46875,21.9375,9.6875,25.0625,12.8125,10.65625,6.0625,3.625,16.5625
1275,821.125,-5.65625,0,21.71875,53.96875,5.4375,14.28125,19.4375,9.75,22.40625,10.21875,12.09375,6.46875,2.15625,18.8125
1276,514.3636364,6.242424242,0.03030303,26.39393939,56.78787879,9.696969697,11.93939394,16.15151515,7.878787879,24.15151515,14.96969697,9.727272727,5.424242424,2.090909091,15.66666667
1277,257.0588235,16.38235294,0.058823529,28.79411765,59.52941176,9.117647059,13.05882353,17.88235294,12.29411765,29.55882353,20.55882353,11.79411765,4.411764706,5.147058824,19.08823529
1278,968.1935484,-6,0.096774194,23.35483871,57.61290323,6.161290323,15.12903226,21.38709677,10,24.4516129,12.22580645,11.41935484,5.483870968,3.64516129,18.25806452
1279,529.15625,3.09375,0.0625,24.875,59.84375,7.875,17.53125,24.71875,13.25,25.1875,12.875,12.0625,7.5625,3.125,19.875
1280,737.7741935,2.161290323,0.032258065,27.41935484,60.06451613,7.258064516,12.83870968,17.70967742,10.48387097,24.80645161,13.90322581,12.67741935,6.516129032,4.290322581,19.25806452
1281,893.2258065,-4.387096774,0,23.61290323,56,5.64516129,15.70967742,22.19354839,9.516129032,26.25806452,11.70967742,12.4516129,5.451612903,2.612903226,20.5483871
1282,894.5,-4.071428571,0.035714286,24.14285714,56.82142857,7.142857143,13.67857143,20.03571429,11.60714286,23.42857143,11.17857143,13.17857143,5.821428571,3.107142857,20.96428571
1283,814.483871,-6.096774194,0.064516129,23.32258065,56.32258065,5.290322581,15.03225806,22.16129032,10.22580645,24.70967742,12.16129032,12.90322581,6.129032258,4.096774194,19.29032258
1284,327.7647059,7.735294118,0.058823529,26.61764706,61,7.852941176,18.32352941,23.91176471,10.76470588,28.05882353,12.26470588,12.52941176,8.323529412,3.588235294,21.20588235
1285,536.6896552,3.827586207,0.068965517,25.27586207,54.62068966,7.413793103,14.24137931,20.62068966,9.448275862,24.72413793,12.93103448,12.27586207,5.172413793,2.413793103,22.06896552
1286,764.1,-1.566666667,0.033333333,26.63333333,61.93333333,9.6,13.1,19,12.76666667,24.63333333,12.6,12.2,4.9,2,22.1
1287,574.5172414,2.896551724,0.068965517,25.31034483,58.72413793,5.896551724,14.20689655,20.55172414,14.82758621,22.06896552,13.65517241,12.89655172,7.448275862,2.379310345,23.24137931
1288,964.1333333,-4.6,0.066666667,23.8,59.9,5.166666667,14.66666667,21.46666667,11.93333333,22.83333333,11.3,11.7,6.1,2.1,18.6
1290,1011.371429,-11.74285714,0.142857143,23.6,60.82857143,5.114285714,13.2,19.05714286,10.85714286,24.74285714,10.65714286,13.42857143,6.885714286,2.342857143,19.17142857
1291,774.2424242,-1.939393939,0.090909091,23.87878788,59.60606061,6.848484848,12.60606061,18.21212121,9.636363636,21.33333333,10.93939394,12.15151515,7.515151515,3.606060606,19.84848485
1292,428.7419355,4.096774194,0.032258065,25.90322581,57.70967742,8,12.51612903,20.61290323,10.25806452,26.5483871,13.03225806,11.93548387,6.258064516,3.483870968,20.4516129
1293,661.1724138,1.482758621,0.034482759,24.34482759,54.20689655,7.275862069,13.20689655,18.48275862,9.448275862,22.68965517,13.86206897,11.5862069,5.551724138,1.931034483,19.86206897
1294,959.1724138,-8.206896552,0,24.65517241,54.93103448,6.379310345,17.27586207,23.82758621,10.17241379,23.5862069,10.06896552,13.89655172,5.620689655,2.551724138,23.31034483
1295,583,2.064516129,0.032258065,24.16129032,55.06451613,6.580645161,12.74193548,18.67741935,8.677419355,25.48387097,10.19354839,10.74193548,5.838709677,3.64516129,16.06451613
1296,579.0689655,1,0.068965517,23.5862069,56.65517241,7.172413793,15.89655172,23.51724138,12,25.93103448,13.20689655,12.86206897,6.862068966,3.448275862,20.75862069
1297,993.5357143,-6.178571429,0.071428571,24.85714286,57.10714286,7.678571429,12.07142857,17.82142857,9.25,24.82142857,14.14285714,13.71428571,4.5,2.785714286,20.85714286
1298,607.71875,2.0625,0.125,24.21875,53.21875,4.28125,14.59375,22.8125,10.84375,24.6875,13.34375,13.15625,5.65625,3.78125,19.84375
1299,903.6129032,-8.290322581,0.161290323,22.93548387,56.96774194,6.258064516,15.03225806,21.09677419,11.06451613,24.5483871,10.32258065,13.61290323,5.032258065,2.35483871,22.4516129
1300,877.0344828,-2.965517241,0.034482759,23.55172414,55.72413793,6.103448276,14.27586207,21.55172414,12.24137931,24.24137931,11.79310345,13.72413793,5.448275862,1.482758621,19.93103448
1301,708.6060606,0.787878788,0.060606061,26.24242424,60.57575758,6.272727273,16.45454545,23.54545455,13.84848485,25.72727273,11.60606061,11.09090909,4.515151515,4.272727273,16.90909091
1303,632.862069,2.137931034,0.103448276,29.24137931,61.82758621,5.75862069,19.62068966,26.27586207,10,24.31034483,14,13.03448276,9.344827586,2.896551724,20.62068966
1304,727.9117647,3.264705882,0.058823529,25.97058824,58.11764706,6.470588235,13.82352941,18.94117647,11.08823529,24.14705882,11.67647059,11.79411765,7.352941176,3.294117647,19.32352941
1305,608.4333333,-0.133333333,0.166666667,24.56666667,61.06666667,4.7,18.03333333,24.73333333,12.23333333,27.93333333,11.33333333,13.1,7.033333333,5.466666667,21.5
1306,585.4137931,-1.103448276,0.068965517,23.72413793,57.86206897,6.448275862,15.79310345,21.68965517,11.13793103,26.65517241,11.27586207,11.34482759,3.965517241,1.655172414,18.34482759
1307,655.59375,2.625,0.03125,25.90625,55.6875,6.125,18.0625,24.46875,9.6875,26.96875,14.40625,15.28125,5.625,4.0625,20.59375
1308,473.516129,7.419354839,0.129032258,25.77419355,56.03225806,5.129032258,14.35483871,21.29032258,12.29032258,29,13.93548387,13.90322581,4.193548387,4.838709677,16.06451613
1309,990.9259259,-6.037037037,0.037037037,24.96296296,61.11111111,5.148148148,18.18518519,26.40740741,14,23.22222222,13.07407407,14.59259259,7.666666667,2.62962963,21.48148148
1310,1038.65625,-7.40625,0.125,22.96875,56.875,5.1875,13.46875,19.375,12,24.46875,10.84375,14.40625,5.15625,3.21875,19.5625
1311,991.8709677,-11.4516129,0.096774194,22.64516129,54.70967742,6.290322581,14.51612903,22.09677419,9.064516129,23.93548387,12.29032258,15.80645161,6.516129032,4.806451613,20.35483871
1312,654.6,0,0.066666667,25.7,58.16666667,8.433333333,15.16666667,20.43333333,9.5,25.06666667,15.6,13,6.633333333,2.133333333,20
1313,717.483871,0.193548387,0.064516129,23.96774194,56.32258065,7.419354839,18.5483871,23.74193548,11.03225806,23.22580645,12.25806452,12.19354839,5.709677419,5.064516129,21.29032258
1314,301.2941176,12.70588235,0,30.79411765,64.32352941,5.382352941,15.29411765,20.73529412,14.02941176,26.94117647,18.11764706,10.91176471,6.882352941,4.382352941,17.91176471
1315,719.8965517,1.379310345,0.103448276,26,57.48275862,6.172413793,15.31034483,22.44827586,8.482758621,27.31034483,12.93103448,13.27586207,7.551724138,2.586206897,21.48275862
1316,538.6666667,3.566666667,0,29.3,60.86666667,12.1,12.7,17.56666667,8.333333333,25.3,16.1,10.66666667,4.766666667,4.866666667,16.6
1317,903.5333333,-6.6,0.033333333,25.1,56.63333333,5.666666667,16.26666667,25,11.16666667,23.9,10.8,13.86666667,6.4,3,21.26666667
1318,656.75,0.25,0.28125,23.75,54.40625,8.71875,15.1875,21.03125,8.71875,24.59375,14.625,12.375,5.6875,3.21875,16.46875
1319,1185.75,-15.46428571,0.178571429,22.67857143,58.07142857,7.178571429,14.71428571,20.96428571,8.607142857,24.14285714,11.89285714,13.10714286,6.285714286,1.75,19
1320,525.1212121,4.636363636,0.03030303,23.36363636,51.42424242,8.090909091,12.72727273,16.87878788,5.363636364,24.33333333,11.84848485,9.696969697,5.787878788,2.636363636,15.33333333
1321,544.5,6.03125,0.15625,26.15625,58.125,8.6875,11,16.5,10.6875,25.75,16.46875,10.34375,3.875,3.78125,18.90625
1322,1064.833333,-10.08333333,0,26.625,60.16666667,7.166666667,16.41666667,21.20833333,9.833333333,22.20833333,14.875,14.625,6.291666667,3.041666667,20.04166667
1323,508.21875,5.125,0.03125,27.15625,57.625,7.34375,14.0625,19.125,10.90625,25.15625,13.46875,9.71875,5.59375,3.90625,15.5
1324,514.1875,7.40625,0.03125,28.75,62.6875,8.875,19.9375,25.96875,11.6875,27.96875,15.625,11.59375,5.9375,3.53125,19.1875
1325,521.8709677,3.258064516,0.032258065,26.83870968,57,8.451612903,15.77419355,21.19354839,8.580645161,26.87096774,14.03225806,12.06451613,4.387096774,3.709677419,18.58064516
1326,567.3030303,2.424242424,0.090909091,25.15151515,56.63636364,6.303030303,13.81818182,20.57575758,10.60606061,26.96969697,11.48484848,12.90909091,5.545454545,5.424242424,17.72727273
1328,354.75,9.96875,0.09375,27.625,60.25,10.4375,14.71875,20.21875,10.71875,28.09375,14.53125,12.96875,6.90625,5.25,16.8125
1329,858.4375,-0.625,0.09375,22.59375,53.40625,6.40625,14.90625,20.4375,9.6875,25.03125,12.15625,12.5625,5.59375,4.125,19.90625
1330,539.4857143,6.657142857,0.057142857,25.91428571,58.6,4.085714286,12.57142857,18.51428571,13.28571429,25.57142857,13.17142857,9.2,5.742857143,4.114285714,18.34285714
1331,811.4137931,-3.275862069,0.034482759,26.13793103,57.75862069,6.068965517,16,21.13793103,9.551724138,24.62068966,11.79310345,12.20689655,5.034482759,4.24137931,18.72413793
1332,308,9.151515152,0.03030303,27.3030303,58.87878788,7,16.93939394,23.6969697,11.75757576,24,13.63636364,11.36363636,7.606060606,5.818181818,18.03030303
1333,578.6333333,1.433333333,0,25.3,57.56666667,6.833333333,14.56666667,21.4,10.56666667,23.96666667,13.36666667,11.53333333,7.333333333,3.266666667,20.23333333
1334,1042.923077,-5.923076923,0.153846154,23.80769231,55.34615385,6.576923077,14.30769231,21.26923077,10.03846154,24.92307692,12.15384615,13.69230769,4.076923077,2.461538462,23.38461538
1335,868.7407407,-4.037037037,0.074074074,24.40740741,56.92592593,7.037037037,12.22222222,18.18518519,9.962962963,25.37037037,13.44444444,13.33333333,5.074074074,2.592592593,18.48148148
1336,703.28125,-3.78125,0.0625,22.875,56.21875,6.59375,13.5,19.40625,10.40625,24.3125,10.0625,11.28125,5.1875,4.40625,20.21875
1337,622.6666667,0.9,0.133333333,25.8,57.63333333,4.933333333,16.33333333,23.93333333,10.9,25.5,13.93333333,11.2,5.733333333,2.766666667,18.43333333
1338,529.6129032,7.064516129,0.064516129,26.67741935,58.09677419,6.290322581,16.12903226,21.29032258,12.64516129,24.96774194,16.77419355,11.67741935,5.032258065,3.451612903,17.48387097
1339,893.2580645,-2.774193548,0.032258065,26.87096774,62.74193548,8.870967742,14.32258065,19.67741935,11.58064516,23.48387097,12.93548387,12.19354839,6.322580645,3.967741935,21.80645161
1340,863.862069,-2.206896552,0,28.62068966,60.86206897,5.137931034,13.5862069,20.62068966,10.4137931,24.34482759,16.48275862,12.65517241,8.344827586,3.551724138,19.06896552
1341,1053.483871,-10.61290323,0,21.19354839,55.70967742,4.096774194,13.93548387,20.32258065,11.4516129,20.70967742,8.677419355,15,7.709677419,2.709677419,22.29032258
1342,980.1428571,-8.392857143,0.035714286,23.25,54.25,4.821428571,13.5,18.89285714,8.821428571,23.28571429,10.71428571,14.42857143,6.142857143,1.785714286,19.03571429
1343,361.962963,9.407407407,0.074074074,27.22222222,58.62962963,9.444444444,14.37037037,20.18518519,9.62962963,26.51851852,14.66666667,11.48148148,7.111111111,3.555555556,17.37037037
1344,460.5454545,4.242424242,0.090909091,25.24242424,59.81818182,7.090909091,16.39393939,22.54545455,11.66666667,24.90909091,15.90909091,11.51515152,6.636363636,3.606060606,16.90909091
1345,378.7941176,13.14705882,0.029411765,27.47058824,58.23529412,7.617647059,15.17647059,20.44117647,11.61764706,29.20588235,17.58823529,11.94117647,4.264705882,4.647058824,17.17647059
1346,962.9333333,-5.4,0.1,23.26666667,63.26666667,7.633333333,11.46666667,17.73333333,16.6,26.8,12.56666667,15.3,4.866666667,4.7,20.43333333
1347,732.7931034,-1.724137931,0.206896552,26.55172414,59.96551724,7.137931034,11.31034483,17.37931034,12.79310345,23.89655172,12.44827586,13.24137931,5.827586207,4.344827586,18.79310345
1348,672.125,4.625,0.09375,24.4375,55.0625,6.65625,13.84375,20.6875,10.46875,24.46875,12.21875,11.53125,5.3125,4.96875,19
1349,927.5333333,-6.1,0.033333333,25.4,56.6,7.166666667,17.6,23.5,9.166666667,23.06666667,12.96666667,12.76666667,6.166666667,2.7,17.73333333
1350,716.4375,2.71875,0.09375,27.8125,57.75,7.5,13.4375,20.34375,7.84375,24.0625,16.59375,10.21875,6.5625,2.3125,19.0625
1351,848.3636364,-1.393939394,0.121212121,23.3030303,54.60606061,6.181818182,13.18181818,19.33333333,10,25.45454545,12.60606061,12.78787879,5.727272727,3.757575758,17.78787879
1352,951.4375,-5.78125,0.03125,23.15625,55.625,5.5625,13.1875,19.78125,9.46875,23.0625,12.5,14.1875,8.28125,3.96875,17.28125
1353,1106.612903,-13.48387097,0.096774194,24.35483871,58.64516129,5.032258065,13.80645161,20.25806452,9.580645161,24.87096774,11.58064516,13.64516129,6.096774194,3.35483871,17.25806452
1354,654.1612903,-1.677419355,0,25.61290323,57.29032258,5.806451613,14.32258065,19.96774194,10,23.58064516,12.74193548,11.48387097,4.548387097,2.806451613,19.19354839
1355,365.1935484,7.032258065,0,25.51612903,57.03225806,7.580645161,17.19354839,23.16129032,11.16129032,26.35483871,11.29032258,11.74193548,4.612903226,2.129032258,19.96774194
1356,477.84375,4.09375,0.0625,25.875,57.09375,6.625,15.375,22.4375,11.15625,24.3125,11.53125,13.6875,7.25,1.96875,21.4375
1357,845.9333333,-3.966666667,0.066666667,26.16666667,59.83333333,5.633333333,15.93333333,23.16666667,12.6,25,12.1,14.73333333,6.333333333,2.566666667,20.83333333
1358,696.7931034,0.586206897,0.034482759,24.82758621,58.37931034,7.724137931,14.65517241,21.37931034,10.79310345,25,15.82758621,11.51724138,5.344827586,1.586206897,22.03448276
1359,864.516129,-1.451612903,0.161290323,24.87096774,55.09677419,5.258064516,17.32258065,24.19354839,10.09677419,23.41935484,12.29032258,13.70967742,6.741935484,3.290322581,20.96774194
1360,1003.965517,-9.206896552,0,20.89655172,53.4137931,6.482758621,12.10344828,18.10344828,9.275862069,23.51724138,11.10344828,13.68965517,4.413793103,3.931034483,21.55172414
1361,434.9375,7.375,0.0625,22.71875,54.5625,5.875,16.53125,24.15625,11.71875,27.03125,10.625,12.53125,5.59375,5.4375,17.71875
1362,742.862069,-2.24137931,0.137931034,26.55172414,60.86206897,7.689655172,16.06896552,23.75862069,12.72413793,26.20689655,12.27586207,12.75862069,5.310344828,2.827586207,21.03448276
1363,1085.571429,-7.142857143,0.035714286,23.07142857,56.5,6.75,14.14285714,21.78571429,10,25.07142857,13.57142857,13.53571429,5.571428571,3.785714286,22.57142857
1364,633.7333333,2.766666667,0.033333333,25.93333333,58.86666667,7.566666667,11.53333333,16.16666667,10.46666667,26.66666667,14.96666667,12.43333333,5.966666667,2.966666667,20.16666667
1365,934.3,-6.533333333,0.166666667,22.96666667,55.8,7.566666667,13.5,18.86666667,8.566666667,24.66666667,12.26666667,11.46666667,4.333333333,2.766666667,20.1
1366,738.3103448,-6.482758621,0.034482759,20.51724138,52.03448276,6.172413793,13.5862069,20.44827586,9.137931034,22.4137931,10.10344828,14.75862069,5.655172414,2.482758621,20.10344828
1367,1044.642857,-9.392857143,0.071428571,26,58.89285714,6.928571429,11.67857143,18.25,12.25,24.42857143,14.46428571,13.89285714,4.464285714,2.964285714,20.14285714
1368,952.7096774,-6.064516129,0.032258065,24.80645161,55.51612903,7.129032258,13.16129032,20.58064516,10.22580645,23.90322581,13.90322581,15.09677419,6.161290323,2.677419355,20.48387097
1369,1224.444444,-12.62962963,0.037037037,23.48148148,58.88888889,5,13.44444444,21.03703704,11.37037037,24.25925926,11.81481481,14.25925926,7.185185185,1.555555556,18.18518519
1370,812.4285714,-4.428571429,0.035714286,22.64285714,54,6.071428571,12.78571429,19.14285714,11.21428571,24.64285714,12.53571429,15.39285714,5.75,1.607142857,18.60714286
1371,389.9090909,7.060606061,0.03030303,26.42424242,58.6969697,6.121212121,15.87878788,23.84848485,12.87878788,27.15151515,13.54545455,13.84848485,7.272727273,4.666666667,18.66666667
1372,313.3571429,15.28571429,0,28.42857143,58.42857143,7.964285714,14.71428571,19.78571429,11.03571429,22.75,18.35714286,12.57142857,8.357142857,3.285714286,20.92857143
1373,550.5454545,5.181818182,0.151515152,27.27272727,58.6969697,6.242424242,17.36363636,24,13.60606061,26.87878788,14.45454545,15.96969697,6.121212121,4.575757576,21.12121212
1374,294.9333333,13.86666667,0,28.6,57.56666667,6.466666667,13.63333333,19.46666667,13.2,26.23333333,17.6,12.4,6.066666667,4.566666667,15.73333333
1375,871.7419355,-6.161290323,0.161290323,23.48387097,58,6.451612903,14.87096774,22.19354839,11.64516129,25.32258065,10.41935484,14.74193548,6.677419355,4.032258065,20.38709677
1376,414.8709677,6.419354839,0.064516129,25.58064516,59.90322581,6.258064516,18.41935484,26.80645161,14.16129032,26.61290323,13.16129032,13.83870968,6.709677419,4.225806452,20.25806452
1377,859.9333333,-4.7,0.166666667,28.26666667,60.9,6.433333333,12.96666667,18.33333333,8.833333333,23.83333333,15.13333333,11.93333333,6.5,3.466666667,20.8
1378,1061.575758,-8.090909091,0,23.45454545,56.12121212,4.03030303,12.24242424,18.54545455,12.51515152,26,10.03030303,14.6969697,4.545454545,5.333333333,17.81818182
1379,1040.296296,-6.925925926,0.148148148,20.88888889,51.33333333,8.925925926,13.07407407,18.51851852,7.814814815,23.59259259,11.92592593,13.37037037,5.296296296,2.185185185,18.85185185
1380,579.8709677,1.870967742,0,25.16129032,57.70967742,5.870967742,15.03225806,22.32258065,10.16129032,25.25806452,10.32258065,11.32258065,7.35483871,3.322580645,19.74193548
1381,1194.964286,-13.14285714,0.071428571,24.03571429,55.85714286,7,14.03571429,19.78571429,8.321428571,21.67857143,11.64285714,13.14285714,5.5,2.678571429,20.96428571
1382,425.9333333,4.966666667,0.066666667,26.2,58.8,8.233333333,17.16666667,22.23333333,11,24.63333333,13.6,11.5,5.9,4.266666667,19.56666667
1383,790.3548387,-2,0.064516129,21.93548387,55.70967742,7.258064516,13.4516129,20.12903226,12.06451613,24.74193548,11.38709677,13.67741935,5.806451613,4.935483871,18.61290323
1384,842.6896552,-3.517241379,0.068965517,23.51724138,56.10344828,7.137931034,15.03448276,21.5862069,11.31034483,24.55172414,11.65517241,12.48275862,4.379310345,3.034482759,17.03448276
1385,1087.645161,-9.838709677,0,23.29032258,58.25806452,6.322580645,14,22.16129032,10.87096774,24.90322581,12.80645161,15.29032258,6.290322581,5.580645161,21.41935484
1386,346.9705882,7.676470588,0.029411765,27.23529412,59.94117647,7,16.11764706,22.61764706,10.14705882,28.44117647,15.11764706,10.11764706,5.147058824,3.382352941,16.02941176
1387,937.125,-6.21875,0.0625,22.625,53.9375,6.21875,14.34375,20.40625,7.1875,25.46875,13.3125,13.625,5.46875,2.0625,20.1875
1388,288.2903226,13.61290323,0,27.38709677,53.70967742,8.741935484,11.22580645,16.09677419,8.870967742,26.06451613,16.67741935,9.548387097,4.870967742,3.451612903,15.61290323
1389,773.2333333,-0.7,0.066666667,23.33333333,55.33333333,6.1,12.76666667,19.4,10.73333333,26.1,11.9,13.06666667,5.566666667,2.833333333,17.6
1390,756.1724138,-2.344827586,0.068965517,23.24137931,54.89655172,5.655172414,17,24.86206897,10.89655172,22.72413793,11.51724138,11.82758621,6.689655172,2.965517241,20.27586207
1391,1042.766667,-6.433333333,0.2,27.43333333,61.5,8.066666667,14.96666667,20.76666667,9.4,24.9,13.9,12.43333333,5.666666667,2.133333333,18.26666667
1392,340.7666667,10.26666667,0.033333333,28.1,58.93333333,6.466666667,12.8,19.13333333,11.83333333,26.5,16.3,11.66666667,5.9,4.6,16.23333333
1393,609.59375,4.5,0.09375,23.9375,56.125,8.75,13.59375,19.90625,11.8125,23.71875,14.0625,12.125,8.09375,4.0625,16.5625
1394,384.1,3.133333333,0,25.13333333,57.53333333,6.4,16.13333333,21.76666667,11.06666667,23.26666667,12.5,12.4,9.366666667,4.5,21.16666667
1395,914.1212121,-4.545454545,0,22.24242424,54.84848485,5.666666667,16.78787879,25.03030303,10.75757576,22.96969697,11.57575758,14.48484848,6.454545455,3.818181818,20.51515152
1396,527,1.21875,0.125,24.75,61.15625,7.84375,11.3125,16.53125,11.1875,25.5625,13.53125,9.15625,5.34375,3.125,16.125
1397,816.6176471,-0.058823529,0,26.17647059,62.23529412,7.382352941,15.38235294,21.20588235,12.58823529,25.41176471,13.47058824,11.17647059,5.294117647,4.588235294,19.47058824
1398,547.5,3.785714286,0.071428571,25.67857143,56.03571429,5.5,16.39285714,23.42857143,10.96428571,25.35714286,10.32142857,13.28571429,7.678571429,3.535714286,20.89285714
1399,599.5357143,1.035714286,0.035714286,24.96428571,55.75,8.535714286,18.53571429,24.82142857,9.464285714,26.46428571,13.78571429,12.64285714,5.107142857,3.678571429,19.25
1400,571.46875,3.28125,0.0625,24.65625,57.125,6.96875,15.0625,22.65625,11,23.53125,11.46875,10.375,5.15625,4.375,20.75
1401,389.6764706,10.38235294,0.058823529,26.64705882,59.29411765,7.676470588,14.94117647,22.20588235,12.82352941,26.05882353,16.88235294,11.79411765,6.911764706,3.764705882,18.08823529
1402,805.3103448,-1.068965517,0.068965517,23,54.34482759,4.655172414,13.82758621,20.48275862,10.4137931,22.93103448,11.62068966,11.62068966,6,2.931034483,18.31034483
1403,590.3548387,2.548387097,0.096774194,24.51612903,54.83870968,5.741935484,17.61290323,23.61290323,10.32258065,23.83870968,13.03225806,11.96774194,5.870967742,4.193548387,18.48387097
1404,676.2258065,-0.903225806,0.096774194,24.4516129,56,7.483870968,14.35483871,20.06451613,10.41935484,25.48387097,11.5483871,12.48387097,5.290322581,1.838709677,18.03225806
1405,723.7096774,5.322580645,0,26.90322581,58.70967742,8.096774194,15.06451613,20.12903226,9.548387097,26.41935484,16.19354839,11.67741935,5.258064516,2,17.25806452
1406,609.0333333,2.166666667,0.066666667,23.8,56.5,5.5,17.23333333,25.4,14.26666667,24.43333333,11.03333333,12.1,5.566666667,4.566666667,20.73333333
1407,1084.241379,-7.137931034,0.068965517,23.37931034,58.44827586,6.862068966,14.06896552,22.20689655,11.31034483,24.65517241,10.86206897,11.68965517,5.793103448,2.862068966,18.72413793
1408,937.0882353,-4.647058824,0.176470588,23.58823529,59.44117647,6.352941176,12.35294118,18.26470588,12.20588235,25.02941176,10.94117647,13.26470588,6.411764706,3.852941176,19.08823529
1409,549.2258065,4.322580645,0.064516129,25.67741935,57.83870968,6.967741935,15.67741935,23.12903226,10.09677419,24.93548387,13.70967742,10.80645161,6.806451613,2.677419355,17.70967742
1410,1163.407407,-13.62962963,0,23.25925926,56.74074074,7,11.2962963,16.81481481,8.37037037,23.96296296,14.7037037,12.11111111,4.703703704,2.925925926,17.88888889
1411,660.71875,2.65625,0,25.59375,55.875,6.84375,14.78125,23.5,12.34375,25.40625,14.3125,13.3125,4.46875,2.9375,15.09375
1412,337.3870968,7.35483871,0.129032258,28.09677419,59.35483871,7.451612903,14.12903226,19.90322581,11.22580645,26.58064516,18.19354839,12.4516129,6.322580645,5.870967742,17.93548387
1413,980.9642857,-4.321428571,0.178571429,22.92857143,53.71428571,5.607142857,11.53571429,18.03571429,8.607142857,25.03571429,11.25,14.14285714,6.107142857,1.5,18.07142857
1414,451.1875,4.59375,0.0625,25.1875,55.40625,6.1875,14.15625,20.625,9.84375,27.03125,15.25,12.34375,5.6875,4.9375,18.75
1415,896.0322581,-2.580645161,0,23.06451613,54.74193548,7.387096774,14.35483871,20.16129032,9.806451613,24.70967742,12.03225806,13.41935484,4.967741935,2.774193548,19.87096774
1416,880.6666667,-2.833333333,0.066666667,23.83333333,55.46666667,6.9,14.16666667,20.63333333,10.96666667,27.86666667,12.63333333,14.66666667,4.566666667,4.7,15.6
1417,790.53125,0.78125,0.09375,28.59375,63,6.25,14.0625,20.34375,12.28125,27.3125,15.6875,12.25,5.46875,3.4375,18.625
1418,727.9310345,3.965517241,0.068965517,26.55172414,61.03448276,6.379310345,18.10344828,26.03448276,14.44827586,26.55172414,12.34482759,12.89655172,6.448275862,3.620689655,18.93103448
1419,641.3870968,1.35483871,0.193548387,26.06451613,57.83870968,6.580645161,13.06451613,18.83870968,11.03225806,25.38709677,13.83870968,12.22580645,5.225806452,3.290322581,18.06451613
1420,1127.09375,-8.5,0.0625,24.625,55.875,6.75,16.09375,23.5625,8.71875,23.0625,12.34375,12.4375,6.96875,1.8125,20
1421,553.3225806,5.451612903,0.064516129,25.90322581,57.51612903,5.580645161,17.09677419,24.38709677,11.5483871,25.4516129,12,13.16129032,9.225806452,3.225806452,17.67741935
1422,912.7241379,-2.931034483,0.068965517,25.89655172,58.65517241,8.689655172,11.31034483,16.75862069,9.793103448,24.37931034,13.03448276,12.31034483,5.827586207,2.448275862,20.31034483
1423,394,6.366666667,0.1,27.83333333,61.16666667,6.966666667,15.43333333,21.93333333,11.83333333,25.4,13.23333333,11.43333333,6.9,4.166666667,23.86666667
1424,732.8709677,2.322580645,0.193548387,26.12903226,60.16129032,7.580645161,16.96774194,24.58064516,10.77419355,26.83870968,14.83870968,14.25806452,7.64516129,5.129032258,21.4516129
1425,572.7575758,6.090909091,0.121212121,28.90909091,63.18181818,7.878787879,15.15151515,22.33333333,12,27.45454545,14.87878788,12.21212121,6.333333333,5.454545455,17.45454545
1426,502.28125,8.5625,0.09375,27.125,64.25,8.875,15.90625,22.6875,14.59375,28.78125,16.875,13.5625,7,2.71875,21.125
1427,1247.133333,-13,0.066666667,24.63333333,59.76666667,6.966666667,15.66666667,22.33333333,10.03333333,23.16666667,11.4,13.3,6.2,2.433333333,22
1428,407.7272727,7.484848485,0.121212121,26.84848485,55.48484848,7.515151515,15.27272727,21.3030303,9.515151515,27.33333333,15.27272727,12.15151515,5.272727273,4.212121212,15.66666667
1429,777.862069,0.620689655,0,25.62068966,57.13793103,8.413793103,13.37931034,19.17241379,10.10344828,25.03448276,14.37931034,11.93103448,5.448275862,2.413793103,17.75862069
1430,982.1481481,-6,0.074074074,25.14814815,60.62962963,8.555555556,15.18518519,20.92592593,8.888888889,26.74074074,14,13.07407407,5.62962963,3.222222222,21.37037037
1431,673.1875,1.125,0.09375,27.0625,58.21875,6.875,15.8125,23.8125,8.78125,26.84375,15.5,12.5625,5.875,3.59375,20.40625
1433,478.5588235,9.911764706,0.058823529,28.02941176,62.23529412,7.264705882,13.88235294,20.11764706,12.5,24.85294118,14.35294118,11.44117647,8.794117647,3.823529412,19.55882353
1434,347.8333333,11.63333333,0.066666667,25.8,59.16666667,8.3,15.36666667,21.16666667,13.13333333,28.7,13.63333333,13.26666667,6.766666667,4.666666667,20.3
1435,632.125,9.40625,0.0625,26.28125,57.0625,8.4375,15.75,22.53125,9.5,29.0625,14.9375,11.6875,4.3125,5.53125,19.125
1436,613.5454545,3.212121212,0,26.75757576,54.90909091,6.696969697,14.51515152,20.48484848,8.878787879,25.90909091,13.18181818,13.27272727,5.363636364,4.303030303,19.54545455
1437,277.8235294,13.26470588,0.029411765,26.61764706,56.94117647,8.558823529,15.17647059,19.52941176,9.264705882,26.35294118,16.14705882,11.11764706,6.735294118,3.411764706,17.52941176
1438,362,10.6969697,0.03030303,25.72727273,52.81818182,6,12.90909091,17.12121212,8.96969697,22.90909091,14.33333333,9.393939394,5.484848485,2.939393939,16.36363636
1439,655.7878788,2.484848485,0.121212121,24.78787879,55.21212121,5.787878788,19.21212121,27.45454545,10.36363636,24.21212121,12.18181818,12.81818182,5.393939394,3.424242424,19.21212121
1440,1139.37037,-9.814814815,0.037037037,23.62962963,59.2962963,8.555555556,11.37037037,16,10.03703704,22.2962963,10.48148148,12.85185185,6.074074074,3.851851852,19.55555556
1441,850.8666667,-3.4,0.166666667,24.46666667,56.83333333,6.933333333,15.43333333,21.83333333,10.83333333,23.43333333,12.16666667,14.33333333,7.6,3.133333333,20.83333333
1442,1043.75,-4.875,0,24.54166667,56.54166667,6.708333333,12.83333333,18.08333333,8.916666667,25.83333333,12.70833333,12.5,5.375,3.25,21.125
1443,761.28125,-0.40625,0.15625,26.625,57.15625,6.75,15.9375,22.65625,11.46875,26.53125,13.21875,13.25,4.125,3.6875,18.09375
1444,944.5333333,-2.133333333,0.2,24.13333333,56.86666667,5.833333333,17.76666667,24.9,11.23333333,25.66666667,11.46666667,12.53333333,5.466666667,2.533333333,20.03333333
1447,515.9032258,5.967741935,0.032258065,25.19354839,58.87096774,6.032258065,13.67741935,19.35483871,13.67741935,26.12903226,13.4516129,13.32258065,6.838709677,4.129032258,21.83870968
1448,962.5483871,-5,0.064516129,25.58064516,58.19354839,6.290322581,16.58064516,25.12903226,12.16129032,26.09677419,14,14.5483871,5.935483871,4.451612903,20.96774194
1449,684.03125,3.59375,0.15625,28.1875,66.375,7.5,19.5,26.96875,13.8125,26.03125,14.4375,13.90625,7.65625,6.71875,24.03125
1450,1085.466667,-7.466666667,0.133333333,25.9,57.06666667,5.966666667,12.66666667,17.76666667,7.933333333,25.9,13.66666667,14.1,4.9,4.433333333,20
1451,431.1612903,6.064516129,0.129032258,24.93548387,52.70967742,8,16.64516129,24.58064516,8.387096774,28.4516129,13,13.74193548,4.677419355,3.322580645,18.09677419
1452,405.6176471,12.58823529,0.058823529,27.26470588,60.29411765,6.058823529,18.61764706,27.79411765,15.91176471,23.26470588,14.76470588,14,9.941176471,2.529411765,23.38235294
1453,581.969697,2.696969697,0.090909091,29,65.27272727,7.090909091,18.12121212,27.57575758,12.84848485,25.75757576,13.87878788,12.09090909,9.272727273,4.606060606,19.81818182
1454,656.2580645,4.903225806,0.161290323,25.67741935,57.41935484,9.290322581,17.03225806,21.96774194,9.419354839,25.77419355,16.48387097,10.93548387,4.258064516,2.516129032,17.29032258
1455,432.8709677,13.70967742,0.064516129,25.06451613,57.90322581,7.322580645,15.67741935,21.90322581,11.61290323,25.87096774,14.32258065,9.838709677,7.258064516,3.580645161,20.22580645
1456,601.2758621,4.275862069,0.068965517,26.79310345,55.86206897,7.724137931,14.72413793,20.44827586,8.172413793,27.68965517,15.86206897,10.86206897,5.344827586,4,16.75862069
1457,509.5862069,4.275862069,0,26.89655172,57.68965517,8.689655172,17.79310345,23.68965517,8.896551724,27.13793103,11.31034483,12.96551724,5.206896552,5.24137931,19.10344828
1458,592.78125,4.3125,0.0625,23.46875,54.625,6.59375,15.34375,21.6875,11.4375,23.46875,11.59375,10.96875,5.875,3.1875,16.9375
1459,861.6,-1.4,0.1,23.43333333,53.4,8.366666667,15.46666667,20.5,8.433333333,22.9,14.2,12.03333333,5.166666667,1.6,19.46666667
1460,619.6666667,1.939393939,0.03030303,24.3030303,54.66666667,7.575757576,12.45454545,18.03030303,6.303030303,24.57575758,13.54545455,11.24242424,5.575757576,1.96969697,22.09090909
1461,905.9666667,-2.1,0.1,21.96666667,50.36666667,9.9,16.5,23.1,5.766666667,24.76666667,11.83333333,11.4,3.933333333,2.666666667,18.86666667
1462,298.65625,10.3125,0,27.375,60.5625,7.59375,19,26,13.0625,27.9375,16.375,12.75,7.3125,3.0625,20.1875
1463,385.962963,10.96296296,0.037037037,26.18518519,56.03703704,6.407407407,15.7037037,23.55555556,13.48148148,26.81481481,15.07407407,13.48148148,5.592592593,4.518518519,17.96296296
1464,1050.566667,-10,0.166666667,26.96666667,63.4,8.233333333,13.46666667,18.86666667,8.766666667,24.73333333,14.33333333,11.73333333,6,2.533333333,18.4
